Channel_Owner,Link,Comment_Users,Comment_Text,Comment_ThumbNail_base64
Krish Naik,https://www.youtube.com/watch?v=FzwJoHawwwI,Krish Naik,Do You want me to make more videos on these kind of motivational transitional stories?,b'/9j/4AAQSkZJRgABAQAAAQABAAD/4QAqRXhpZgAASUkqAAgAAAABADEBAgAHAAAAGgAAAAAAAABHb29nbGUAAP/bAIQAAwICAwIODgMDAxAPCg0OCQ4QDQ8NCw4KCwsREg8JChIODxEODQ0QDRANEAoQCg4OCw0LDQ4PDQ0ODQ4OCw8ODwEDBAQGBQYKBgYKDw4LDRAPEBISEA8QDxAQDxAPDxAOEhANDxIQEA8QDw8NDhAPEBAPDRAOEA8PDxAQDw8NDxAP/8AAEQgAWABYAwERAAIRAQMRAf/EABwAAAIDAAMBAAAAAAAAAAAAAAYHBAUIAgMJAf/EAD0QAAIBAwMDAgMDCQYHAAAAAAECAwQREgUGIQAHEyIxCBRBMlFhCRUjM0JxgdHwJFJikaGxFhdygpLB4f/EABoBAAIDAQEAAAAAAAAAAAAAAAIEAQMFBgD/xAA0EQABAwIDBQcEAgEFAAAAAAABAAIRAyEEEjFBUWFx8BMigZGxweEFMqHRQvEUBiNSYnL/2gAMAwEAAhEDEQA/AExtnb+r7flESzCWKVY/SrK2XphAYC2RuSb3cKRY45M3WRjaLMoeBc5vwbcDqg/05jHufVwzjZjaZvvc0hwi5bds3Akk2CCviN0DT6PHV5tNKFyoza64ylQGJvw4Kxw4+rEEG9wSGrwhM5Qba9eZXRY+nAzEX6/QF0oNFrte2wy6lomoMHFrPGxSYWs/NrZC4GV8lYnn0r1pwCsUEha97TflCu4/bcLpu89MNTAycOuKViC2IYAnFiDz9lF+8D26iniSwkA2/Hx1ZM1cL2oBeLkTI+6OO/xE8U/9tflJdvhIpooBPHZVeQOqVOQUteWJhGEyxJLLeI8+PL7PV/8AlVRq0EcNf0lH4OhlJa4zxiBz9k/9n/FlszWVg1HWKOalFVIYY/mEjAZ1EshJaOSVVS0clmkKH7PpF+GBXDhKQNAgwDKas3dfZ1MLpryn/pye/wBf2Q39cdVGoNSVc2iToEBbn+K7be2mEMejzSKRcMqWF+SRibSC3FyUCm4xLWIFLsQ0WAJ5BXDDuae9CR3c74pdxdzM9F07bM9NAkkZyf0SySQO06lLDiNykbDORVZBZ0aKZuhNQnRWBgBvcInr/jsq5fBHp+0xnOXJDyqEiiVooSzNGZY/UzSlAksjDBlblfULq5bEAa70xRwzKpcC+CBMQZOumzdqdvApjj4jdH3eJ9P2+XNQnlCERnxG4PhcO2KlfbyD3RgQQQULOdq1rXcPVZbqD3OA3+i86u0dRtuoSCRQqLZlDSIGMbXkkYWdmKoQJDHdiwCupYnk4mIYXUgbkz522e/hvT/0ioaWPqUi1oYGmCNhLg6HA3u1wLY/7g2AAcG+trT1NJ8xou4TFLcETxhWHiy4FjkvKhMj7kX5IvfNojvgOFl12JP+0S033jnu6/CznQ9sqvd7LT6ztqlmzcKZor0k4yazM7weGN2wIID00oeQPyocDrWJLRIJ8bj8/tc+0Co4NcBcxaxvyTG7p9oods1FDS6jQSOXyjhKxh4i7DF1fxguCqgPkYgiqC1+G6SpuzNd+VuV2tbUZmkxIFrdenmjLXNo6DVEf8RaNHILU4ImEcgyRJEdjyEZgSQzYBgboQVjUCaD3ZO7v/exXHDUX1M1bYCOX2bRzO7cp+6tqbjiik1DZumKtTLLTyAGOMHELKJGvcG+UgubkjK1iHI6A4qi0uh4+7ZGpDjchew2FpOLM1OJZebixZpOluWzipujp3D2mjZaSny14vGRKEV3ZlkkDqkbBXjRVvmp8ioym1i3T9N5ADth33HX6skMRSpPe5g1B/iL6G2wESBBG+8qLvLW4gvz28tt404NUEmp3ecB7EATwKqKvByiUsy2AIKdWsgvIjrrqyysQ3IwGd3haSNfDZpxCo9d2tqFO0Oo6TuMGV2fyQmGkMSiRWxKssDSviSjuWmb0hrBvsmWhp0JnlA84hFLhZzQBIvcnUaiT6BTt/adQaFLFXDcEig08kbBVEbJIrKMshHE3jcn0JygKEm5foahZSMkGYVNa1MQQZcbgbIEDwv58kc9tNiVt465N2TujRpcLK6BiqkXxKysFJtiqyooHq9zwJPaQWzEIGHKJJWb9V7J69suNPzPoQESfOs6GSNVjvItQuJVnbx5pemcB5oSI2Ks8WTaJ77crhcTGm8wfGw8fLhalPEYLFu+oAywhjnjYBka2o2Ne5HaAiQcpFz91xursFr2nVT0Wpagqg08QjIjE0cbDGNvSxRvHJGFWWGxVlf3Jj8hyzAF9QZ/K76nd/d+0i0iwtp6+ao4vg535tyf57b2oWjV4GWMyTExxpklQq8m7McXpSzngFZsCfUyWuIylu/d4KqWtOYOGxNmp0TvLUMldq86MyGRoUxuUJMjBbgRqyhflVMkmLEGa9rANScGy4aDfgI/J59XTA+oVZa5xBIvr+hyHnyUbu7vjQu2sa1GoReWvllimFPM0LR0rDJhIEEYcqjF/CpckyBCAhTNFsThs1MUZIBjMZvEG3ibcp10TGGxT3VHVDexgRYmW38IBHIXSipvil/O8jfLmYyyWvgMipA9AyZ1BJufsRHG5A+vVrMLRazIGDLyH53nmgdXrZs2czz3/wBBEWp9y90TL8rrdWSHwYxkAgMvKX9JJkUD2PqAsB6Tbo20mtGVlgoNdxMv73PlGuuhTI2Jr22u4FJUUchWKrRXbyMq+cqwx9MnkUPkLgxuAQSoFlCMJLspJJVLxmaGgaDYmPplD24oXWp/O1S7oVC5paOxVaYYo81lLKsRTx4BpLSW5JMds6ACe7Pt6yjBaXueGDM6Zuf+QKXPd7cm2tdJ0nb+1p0nVKm92pFkbhWyjPzFQMhYqrTFFDAsQxVWFfbGpeoREcZmfSET8NlAYGFtyQBuiCTfgj/Y3cmHdNI9IdZWnqzSVIVwcxSylWSmL4p6mSymQKroSrBGkSzM0x4aAknU792Yt1t+UcUxqaKL83igLKzO4yyFiQn0ABIIDAjIe5+tiHCwHQ70oHETIUrvdo9BUSGpqaNsooZHZVzkdfHiJMQFZj6HDRkLcpzbnjJq3ErUou7OCdOvVW+l7ZqdZVNRo5QcwrrYg8EZXP8Ah+jXt+HqAtqCqCAZWc6kQSIUXS42rozU1ESqyvIFJdfs5uqAe17hfRwSTzbgXUrV6hBbTF9/wm6FGi0h9UyN0e6ytsLaGhd6pqzuhuiESvWTOkTEllWlj/s8RS/2fLgZCBwAVUe1zj4is6cjjprsv8aLpcHQa1udo1022+dT8Iq134Fds62RXbX1NoXAblGOLX5GS+zD24YFfwPVVOs8fy87pmrQpu+5g8LeiCN4fBNvKJjq9Hr+WRubFww++3qI/hzf2sCty0cYQLgJEYBhOpCC6vaNJ8P0lO+5kukrCNgAxd2ZsDcklbXZGORH1te3B0qvbgiNLpfEUexgtOtvFaFpa/RdMsW28WIJALOAodSLcKpNhi5FitjZhx1TA1knx+Eo3BuzTnM9cVL1+ODcOMz7QALW9a1BuQRzf9ExUFRaxcqPaxIW1zDAsLcz+lc+mXGXOJO+AoFNNRUR+So9tBXW4sZgEJxHqJWJfdbXIQXYm45J6PtSXQQPhQMOA3M1xmeGq1VVumnp8/qFOQMkBUFDhkwiyLZBcVViz+okLewJ46bkk6rOgAaKu3PS6dRudSNO7GJY/YKWZWI9aZBg/jBHpCuSzKvp9mgAFEXEC2iHpNZ8Khpa8IvDHB3DSux80rDABiyIf1ZPIYlmDEMLMg0AVOc6lUuq7go9rRfnPU/JGscThrwGciBSPoIvItpfAyAJmb3jTJio8GydUJdA0WOe0vfrS+w0FNpGp7aklVI0xcvDEZD73WKVkcKPZbgMTfjgFkKmFD6jpcJnj7Bb9DFubSbDDFhq0X8XD8LUe1Pjs7L1N5dQ1pYGC5YTDBz7+w9m9jbEm/06W7FwNmzyum31WEQX5Txt6+0hTaD46u2m8j+bqLTp7kcE0sig/wDli37rrz9L3686nIuQPEeyrphzXZhmI5H0KS/erQ9J76ahptHors9PHLPLOjJIkkXiVHiZkbxsUMzwKzLlGM0LHBxlfhKJpuc4xERqErjq7XtDGzMzEGwHha/nslOd9tUutltPk1ByykkgoYlACFmydlClsjHHZb2Zr3AIu0aYDYJ1WeK5zyBpzVzS9vqemjFXV1Tixi9OQuQxjKqEKrIrFWIYyInjJDFXAsR7Js2JhGazouBK663tLoSylmaRWZTZicsn/VKbKCLLinkAawyDEgXt7s2kz7qe1dEJp6xpeozB0o5wVdGBjcXBf0qLZBkWPAOJF8b5F8vpY3AjalSDsVPR7c1vT5GpdJlWIPCihgZGWBVB5hiKmCNjIz3UNiUWIsjYW6klsShAdMKi0vbOr6dTro9VtYMqNUyMBZcihDxNfJf0ha5hwZASFJeIEgHLc0g7kJBAhQ46ak3RS1E3iaWk/tIdGd3eamKCnmidfTIjAJyzFmyUgEqwsREOAP8ASpJlpPRWV9f7a7G3QiS7t3XBDOUjVlmMYDsoA/R5C7DIXQgfUekHjrF7WDOa1zr67l2tCnLMpZJ4tkK37EfBXsLuClXqeoQMymPClmZXQxPfP5mFCEveUr4s0KSJGGUGOc5F27psbATrrpuN7eqXrUgf4wSco7txYzqO6SfQFde1Phh7V6u/z+vbijWoQus1LMUjlgmPomUGRQSpYHwyWVZUxkQlWB6gl5EMcY2x+J3K0PbINRgnYT5SNJFtRKPNe2htnaofdFDpmIanFJDm7B3gUqnrZg7eqSScqxD5KEdSSyHqMOcjmzcN70cYt7JbFEvY/YXjLMbJE+6a20hLoapImqm7SlsQyrLWMoerAS72Vi4ZSrXJpoyrHEZK66rnJt8bOuN1ktw+QWJ/e3rgIXfp9XQKF1DUK10khzfIqohEpZ8U8pAzZFZo7eVkYuwUsw4skzA2+cbFVECTaPKdqraLV5NMIo9wae0SBXJRPII0qHYVBMeKrdI3ssjW8YN5M7+QkgQRLev7XspBh3XLknVTyhuD/wC/52/36hCplMxm9EL8fW54+72/+9eUJfa9u6mo5H1OuGKxiaEhn9MsRAbMAHxp67C7EyYKfTzxJIa2SvNa57oaL9eSXVBvLWqtfzNpUvBCxsVvHGR9hbJ95uS5CorOT6W4HST8U53dp9eC1af09rBmrHriVnfc2/E7ZLIdX09pTG5haOMZO8guvHBPj9JJYc2tb3HWV2Zc/ITA4rfZVhmZok8Epu3ferubK0sVFrqxQvbHKSUsiXtjGOWuF4Cqqhbe6jpp+HptiC7jxVjXYmoC4sbGy/qtMdq+4+hbtf8AN5o2NSsURkncSNHVhR4vJk6giUYgNY3tYH9npV9MMMt1Pn1x/SrNSpdjxpu0vsH6/aIdz6+N3zCjhlvFCoDKQGV3azAEf4QEI5tz7EgWMWEHalILjOwIn0uOpilhqGiYqFlSysgRSxQ5OpZb4hSFK3ZQzKFOZs82MsH06hKvHesLX2+23RcnpafeMdRVaDoxKLJMCmPijrJIm8LAuA0hCyI+GIVJhjYsjE9ONOQi/wAclmPAeHWtPnG/x/Ck6vFqNAq6/qVAMmhZTTuJGggYXZVZkMiK3PjlcRTGRlARAL3mW3aLX269bVABgPJm1408p8OKeFPPBXgOJDcgEKQRwRf6X/0/z6sykJLNKBd/VeqUbLRVetIizXWMHJULC1w5yuWIb0gBUNjfn3kU3OByoszWkZ9Fl+r7p6LpoSs3zqHhLCZ1RyCwjV2iJWnW9RbJHGWEhZvShsfTH+B2n8ifSeezx0TTPqLqUhrA31jj4eaTHxCflD6GNP8Ah7thtvFVcM81VGhL4MHTwxLI2ILqGLu3l4ClcrkW0cAGXfB4bOurpevjnVLNsg7V9+6ntHxbm1qYytLHDLUMAmIc3V3REVEEar6cEQelVexcuzYtWmK1QgQIsPKw5810OFeaVDMZI1PueW+Oacva2HTNeqI6jSu60USyDIRiNGeT6+lyQeRwbDg/eTxU1rmtIMz4rQOKmA11vBGPe3vRp1BPHsLaTifUGX9n9XHchQZWHsn7UlrkAAAFnQMAoEjO4wOtEp/kNzZBc9aoJ2b3mpe2k0u0NwQ+SKCephM6LGtTI4laIySC4R2JF2W6BfsocVA66NuCZVpscLWnxIGu2y544t9J7gb3HkCdBoJlaI7Tb527r/g0/T92rUTSPKr/AKJ45owFeoQMgSyKEUqJJWVXIAEjyOLrVqbmEl7Y3RYc/hX0XhwaGuJuSZuQLmNBpoD+TqiHTtR0moNVqe3tVEkcnqwiAVZGiyhqVMrtZpi4CS2lj8SAcK3qaGsy5e0036x5Lz3h+bsjfcRE+cKn2FU743z6ZVNHHH4gIEMbSLHcixySQWZFFySZBlcFQqtIdRrWEFvemddp9VVRzPBa7uxuiw9EPfF/u3tjsGSl3JrmsVHzkZ9EVKImkng8kbSrK0qtGkdwCt5opDZ1ha+fT+HbUdIbptWZVLLZtVlnvb8YW6u8IFHDQRw06vmgXKSoBsyjKViF9iD+jgjZTxkV932YZjL6nrZ8qh1ZzuCSO5Ny125D5NTr2dyLZMxZ/wCDG545IH7/AMerbCwQiTqkzuzSquhazpdQLBvvA5F/exte/wBCbkfd0u7VEE/Oxu4Y+4kA0SSUfMUwChL8yU1gFIH+E8Py1ibmwcAczj8OWkvGh9V1f0rFCMjtnorM/DRT17/MafPLHyeI2C2J+64a3/bbrObj6wGUgHmFpP8Ap+HJzNJb/wCT/ceELXHw3/D9ofamN956sgipolaWWZzd2RAWYsx5Nhlgo4ubKBfqGuq13jP4D4VFQUsMw5B+z4rFWobrk3dJUa9JEVM9RUT4n3QySPUlTb+7ljwbcdd3TblaG7gB5CFxz3ZnFx2lTts731DQnGo0FWySryHVirA/gRz9Tfnm5H16MgEQVVJFwtZdmfi6rdQI0rdulLNmSPIEXztf2DAAB7i4HpDmw5Y2ulVwzInQDyVrKzwbanXf8rScPaul7gRGnoHlpI2fJ1R4r1AC4hW/XEQ3IIS0T3UC2BKsjOUjbGnxuTQkgjfrx5714+a3vHVtwOdQ1fVHld/tO8jSO33epiWt/dF8QBZbBbHemLDRZZE3XQmr+IAFvqb/ALzwevEr0LnXzPAvzC82IP8AP+vu46EoguvUnhqwKuM8cX/hyAfx97/hfoSNqJBdXo1ZpLip0SVlkUmzKxV1P0Kngg4nmx+8dUuaDYhGCRcJz9uvip7ibfKnU6CKZV9zIpSR/rYmNlH4E+O9vxues130+m4yJC02fUqzRBg81fd5Pi77jd+EXQdxzRRUaMrfL06OiOy/q/LlJIz4cGNSyxhgHwyVSt9DCMomQla2IfV+5L3S52j+z9etEJVfJnZeVbnqUK5abuWq00/oZyrDkMCQysL4lSLEMCLqRyCOOeimLIF7B/D13b/50UMO53sZrGObHjGpSyy+m7Yq11kjFyfG6dYdankeQNNnJaDHZhK8T55BP6Vb1D/L+v6562TdZ4Uejq3qbwMfoT/EHnoQZsihX2nVq1S4H8Qf3dGDIXlC0qpEBbS5jw3t+/2/16AWsp4rnVxn7dvUtv33H8x1JXgvkqQVX6Up/PqLFEuyGKH+I/3/AK/j16FCsqaRT7nowoXysltyOpQqt1WoSIrIjcFWP8b2P+/QE3XlvT8mf3JNB83tKWRbMsdSik4tdbU9Qb2NxiaUewxx+t+FMY0lrXDZb3Hur6GpC//Z'
Krish Naik,https://www.youtube.com/watch?v=FzwJoHawwwI,Samar Ali,"I didn't complete the video but you know what Krish I'm wearing his shoes actually, I have a career gap and studying data analytics in the meantime. I got your point about the internship. 

Thank you, Krish ",b'/9j/4AAQSkZJRgABAQAAAQABAAD/2wCEAAMCAggHCwgKCgYGDwwICAsICAUICAgIBwgICAgICAgJBwYICAkQBwoGBwYJEBYQCBMIFQkJDAgXDBYIGAcUFQgBAwQEBgUGCgYFChILCAoKDgoKCRAKCg4KCw0ICgkKDQ4KDhQICgoKDwoUCAgICQgICgkKCAgPCggICA8ICAgICv/AABEIAFgAWAMBEQACEQEDEQH/xAAZAAEBAQEBAQAAAAAAAAAAAAAABwgGBAP/xAAuEAACAgECBAUEAAcAAAAAAAABAgADEQQSBxMiMQUIFCFBBjJRYRYjQkNxgaH/xAAbAQEAAgMBAQAAAAAAAAAAAAAABQYDBAcCAf/EADERAAIAAwYDBgYDAQAAAAAAAAABAgQRAwUSITFRE0GRMnGh0eHwFGGBscHxIiMzBv/aAAwDAQACEQMRAD8A9E4eUwQBAEAQBAEAQBAEAQBAEAQBAEAQBAEAQBAEAQBAEAQBAEAQBAEAQBAEAQBAEAvXB3yy+uqGq1l7VUMu+tF2ra6D+41jgipCAcZB3D36R91pu65ePBxpiLDBqllVreuiX310JOXk8ax2jpD76HZ/wX9G55frK93bm+pv2/55v2SR+GuiuHFnvii+/ZNjhyulfF/o47i95Y/R1HV6LUNbQq8x62KtYlffmJagAtQD8Bdo9+r4j7wuXgwcaWixQUq1lVLdPRr7LM17eTwQ47N1h99SByqkYIAgCAIAgCAIBt/jr4ddqvCEGiBZNlFjV1DJfSqmcVhe4U8s4GelWnTL0gjtZFfDZqkLoucKXLwfcWOZTisf69MunuhiCczK4Xzgd5iaPC9NZptTVq7FNjGpaxWyrW6gOh32JgF9xwM9z+ZarsveCWsXZWycSrlSlEms1qvmyTlpqGzgwx1e2nmQfUldzbc7dx2hvu256c4+cf8AZVnSuWnIjX8j5z4fBAEAQBAEAQCz8G/MrqPClWi2s20A9KbsXUgnJ5Tn2Ze/S2PfsVlju6+bSVXDjWKz5Lmu7yf0ZIS83FZLC84fFd3kV5vqn6U8cP8ANShLXwS1qnSXbu2G1NZC2Eftnz+5YOPdk7/olDE91hfXR9Wb+OWtu1k+j6+pPuL/AJV20db6nR3PZUi73074NyJ3L1uoAtVV/QIA/r+Im8LjdjC7WXeKBZuHmlut140NS3ksCxWea25+pnuVIixAEAQBAEAQD2+C0VvZStjkVtai22DAK1lwHYEg4KqT3B/3MlmoXGlHlC2qvZVzPUNG1XSuZaOP3l6q8Iqov01mqdGcpe9pR9m4KaWBrqTarkMCWz1GvH3e9jvW6YZSCG0sW3DWkVaZVpTSFa5qr503JCalVZJRQZrn+ORCpWCNNoeT/WX2aK4WlzWl5SgvnGzYvMVCe6K5/YBLfj26N/z8UcUvErTsqKkNdqZ0+X5qWCQbdm8WlcjH3j6Vi24VkbBa4rIORyw52YPz04nPrXCo4sHZq6d1ciCipV00rkeCYjwIAgCAIAgCAX3hZ5p30lQ02t05uqVdi2DabggGAjo+FuUD26ipA77vi1SN+Oyg4UzDjgSonlWmz5P60JSxnXCsNoqrx9TsBxA+jm6zoKwe/K9I49/xy16JI/F3S/5YM9sD/Rn4srrTw9o5rib5qBdSdL4fpmprZeWb2CI619ilFVZIq3D5ySBnAU+40p2/FHZ8GUhwQ0pXJOm0KWS7+irmYbadrDhslRb+WxneVEihAEAQBAEAQBAEAQBAEAQBAEAQBAEAQBAEAQBAEAQBAEAQBAEAQBAEAQBAEAQD/9k='
Krish Naik,https://www.youtube.com/watch?v=FzwJoHawwwI,Learner,"Thank you so much Krish for this video this was inspiring, please keep posting success stories of long career gap people",b'/9j/4AAQSkZJRgABAQAAAQABAAD/2wCEAAMCAgICAgICAgICAgICAggCAgICAgoHBwYIDAoMAgsKCwsCDhIQAg4FAgsCDQsLBhMUDQkJDAUOGBYUGAYSCggBAwQEAgICCQICCRQNCw0UFBQIFBQUFBQUFBQIFBQKFBQMFBQOFBQKFA0UDBQIChQUFBQICAgICAgUFAgUCA4ICv/AABEIAFgAWAMBEQACEQEDEQH/xAAYAAEBAQEBAAAAAAAAAAAAAAAACAcFBv/EAC0QAQAAAwYDBgcAAAAAAAAAAAABAgYDBAUHERIIOHcVFiEzUdIUIjE1VYGT/8QAFwEBAQEBAAAAAAAAAAAAAAAAAAgHBf/EAC0RAQABAQMICwEAAAAAAAAAAAABEQYHEgIDBRMxN4OxCBYhM0FCUnGRo9EE/9oADAMBAAIRAxEAPwDni2AAAAAAAAAAAAAAAAAAAAAAAAAAAAAAAAAAAAG/ScM+FTZIRzZ71YhC+91I1H2N2bLs1+u3drr+xmU2u/ti8TqTqYpjw1rNfelGAjTQAAAAAAAAFzWXJpHphETnO/zioZFGAAAAAAAAALmsuTSPTCInOd/nFQyKMAAAAAAAAAXNZcmkemEROc7/ADioZFGAAAAAAAAALJoLOzIaOS1PZeVvVU9lNNTEMFqDDJMEvOsPWXfhln6aeNnEYJpKz15MXgZy1Nncz5sWanFkcpyucPP/AAvAh+Svv88R9o6uPpI+iPq/XEra7cG0tI1HNRl/vdpVcMInjT0k8l+0ja6fL9yl2+bt8zwHQ0fl39TpzNRp/JjVVjW93s8dk1+O1OI1YAAAAAAAAAAAAAAAAAAAAAAAAAAAAAAAAAAAB//Z'
Krish Naik,https://www.youtube.com/watch?v=FzwJoHawwwI,Preeti Gupta,Thankyou for taking this issue up as many of the students are facing same ..,b'/9j/4AAQSkZJRgABAQAAAQABAAD/4QAqRXhpZgAASUkqAAgAAAABADEBAgAHAAAAGgAAAAAAAABHb29nbGUAAP/bAIQAAwICCgoIDg0IDQoKCw4PCwsKDQgICwoPDg4KCg0KCxELDwsLCAoOCwkNCggLCgoKCg0LCwoKCgsNCwoPCggNCAEDBAQGBQYKBgYKDw0LDhANEBAPDw0NDxAQEA4QDw8NDQ8NDw8NDQ0NDw0PDQ0PDQ0NDQ0NDQ0NDQ0NDQ0NDQ0N/8AAEQgAWABYAwERAAIRAQMRAf/EAB0AAAICAwEBAQAAAAAAAAAAAAYHBQgCBAkBAwD/xAA5EAACAgADBQUHAgYBBQAAAAABAgMRBBIhAAUGIjEHE0FRYQgjMkJxgZFSoRQzscHR8IIVFyVicv/EABsBAAMBAQEBAQAAAAAAAAAAAAQFBgMHAgAB/8QAMBEAAQMDAwMCBQMFAQAAAAAAAQACAwQRIQUSMRNBUSJxFGGBscEyQuEGodHw8SP/2gAMAwEAAhEDEQA/AOhfaNxjHGoSZipbULGSS1agGq5GIyt+NpiunJGx3lF08d7uCS3/AF4vMz4VZFZgMqRgtz/Nr15dTQ0q9khcL3CbCwFnJ28Hb4nIQP3ZGXO2S81EGtNdc1WSdddm1JPICGjKVzsZbwg+DjeZ95ESZ+4Aeh3agCjoGvUtdXWugHnsFPV2fd57lGNpv/P0/JIHt94vH8SwZgSOigjT0Gmnry19eXZXDG57y7sq+kY1kIJFkjd7cUGVMooeQHQ/XxNdNdNnLIdpBXh8rSDZAu8MJ+onX0r/ABp/bZ9DhT87rr4bvw4u/lHU+fl/mv8AGxwylL8L9LxkVbTQCiB+4++l/UnbXpg8oF8llfb2Bu0Vp90yidr7mQsMx6RyJm0/9Qyy6Dp+NsX2iz4WIduyn1iOOoXjDxEOL+EirIGbTNXSuvTZPUVzcEc+EQIzexSP414kil3hGppoqVVaU/pOoSyBT3pZq9b2nHHqOFjhN2ehpCz7Qt+S4bEdzhUKaKV7lMxUSWARlvUgN6DXb2+zHerC9RjqhDXZ3x1icMTmLZW5RnNMdbpLssfvlS7LAXsI2sLHHp90W2hMnKluId9sFZpmMQrOAhLkBzoS/TMx8IxZPRjpspmD3vAve6fUzGAWb2VXe0LfCszHKUBJJzG2N/rJs2f03yjrrQ2saGmLRleKuoAFkBbmLGS0XxroT+fAevQfnZ2Yxayneq4OwpHiDBIurUx8rGn1rU/QfkbfrOV+y5bdLrevEpNjoo8tAfQD+vX1J2ZRpLM6yFH3nYNnxI0+wb+unrsS3lLnXcrT+y7x/JhsPiFhy+8ij6nrmZgK+gLdP1a9NkWqPDQPB5REIs0nujvfHEDrEFkZhanMc2ikjwrX77c/Lt0hLT7DytHkkZQBJ2iE6Zr1q2Gten32o20ncI90uFN4vtHxUh0lmLUqglvAdBp5eA8dvD4Wm5eLgL9hmfvAanPwBw1POgOOyTFepyvmoa05Uxrpfk1VXW12mHlrXEw8Kidva3bJgnwoXj7ehnxBWESSMvw/Ki0OosnM1aBqpB0112KpoyXh8hTmECOIYSG4qwaRH31FjZC/F1/tqKLaE3o/xG4gcC30hKZ4wTk5QDvnfzH4WPkAKAFeQ8uuzRrNwykkgt+lD28N7kCm8f8AG3zodouFgJDwUL8Qco9fAepH97/FelbxjCXzZKFN4uVFeQ5vqeY/nw2MAwgirB+z1xUq4ZibzKiaZcxpXroLPziyPIeu0xq9P1WBt+SvYcSwkdkbb37Vl5WKZ7YqRVUCLHXTXxF7TI0ju05HdAmr7EZSoTHK51BzCqIND102rtqOL7cp+dmG58gjmlyJmdVi7wqthQWZkzEAgdXejkCEaFhtLV5dKDFH9VTabsZ65LJi7j47fEKUDiOJTVouctzGsityUa6uNACTSgnZIKf4cDuSnbHda724AKm2VjGwh5S1KWkxAkfnI1pPdgqCScmcX0brXoPs/cRgI+INxuddIftN4MZe8kZsyxkKTr1C2o8boBF1Nknqcu1JRagJXCMDJX1RTgDeOO6RUr0fU2f2/sP67V8fCjpcH3UXv+T3hB+Xp9x/tfbYlo3IN/CiYsSJX9U1rzyjWvWvD02z22KGPqCGMWgLMDVU1/cE/npR2IDkI5H3YvMf4uMoSVKywzAHmGo1Uen8wN1RolFbI9SNoT8sough3v2O4OFMcX4SdGkilduUnnIY3R0+UatYr69SASMKaobKxpDeUlrKMwzOaeAcKJw3HERasvXlbMfD0PhsUGXFl7LbFTe+ONTK/LqMojRBZpRyqqjroKGnxNZ1LEnFkTI2Eu+dyUVvfI4W+lk6N47zeKGKOsrUrThjWX4XKk2CGAIBFgadCQtTFLB1pJJjkcN/yrY1QhjjgFt3Lv8ACL92b5uRaFq3RlcmwMz1ox1WlBVgPSla9g6mAsaXFOopBJIA3geEN9sXFIrK38lPkU6vIRfMTWgGUs2upyqNNtdHpjff38/JNKuQMjO7N1XGbeLMxcDUNSrp4kih8x8RoOv7dEa3NgudyuuSStTfk+bmF2BlcaeGin0sAA+F157FtwvBaSMIGx2L7tCRducv0Can8sP22+eEsGCQVnvOXMmb5iuvqen91s+Njxu8V4evezTfRw2LBYnJIykH9LEB1IOoBrqCKOVgQRm2BqGiWMt7ramPTlaR5Vpu2KDCzYHPLApxFBi47xs/SmjEbgFqs5CjtYKqDeZuf0LpY6nYDdvgql1aljfAXkZ8qq+ClBQ2foaqq6/nboY4UPIjnhzjGXCRlsNlWUihJQZlsfJmBph4MNRsJNRMqQBJwOy3pqt1Pcs5K3OGd/4iZu5TNNLKaRdXeRycxGlksxsnx0JJq9imRsYLWAC8RSl0hLskp+cGdk+OwXNvCWCFmNCISd4QPiIZl92HFsMsZYAdX1oItUjbMzazldA0aKTfvsUN8V4pmx8EY988neuix5XGdmkCVfLQzxvmNhas/CQNNHpX9Msfi1s/dHa3L0zuHdWc7DvZKjw6x4nG5mnoMkRIKxFhrm6s8tHmdmIDVQ5VO1nGQMALmFRKSSQlbv7sYgn4mxUcoyh8jRBbXKrYU6rlro0Li+hN2DZ20DW3sVsKh7Y7tVUfaA7IZMHNKmpWBlVrrMFntonNALkcgqCOjAKQLXYeRu25C0jk6me6Bd1oXg01vIq/8yg/qPtsvkftBJWjYy9wat3dUCW0WJ5Afdsy3cbrzQtpWiswU+DKzAjqCmlcXMD4+Rn8flGxNDJHRy8HGOx7FNjhTjFxut45yHMNhWIDAgMQGGcMrAtGUa/SyzLqiqItlU2RmC7kfhNg7q0jopP29/I8pSYLCLVAFidTQP8AtbVu4hc9dKTlbm8d1OAWK/FqAD08rH022Dxay/OoCrr+xp2XRw7rTGtGUxkplEbswYrCHaMCMC8nfZMzk+8IOQkLoyyR53WCpKCBobvciTf/AAX32NdsSpaHLyOszRtGw1+Elke2A0KdDqeVbCdGXPuV0Km1EQ09onWf3FrghbHswcLYbGbynx6L7jDFsFg6QKrvaviZFNcyoxSFT071J7shaqqSPZEobWK0yvDL3+qthjscApZyFUCyWIAA/wB/fYkvbGPUbe6n2sc82AVS+KN7xJxQMQ0iDkwwQPyZ4Sk6yNGWyhmhMmeRVJcRAkKbF/MqI3cFG9CRsZaW/wBlMduvZBBvBn94kc7xNDy02eO84Mi62EfKyNoUI0Ya5vpSDwsoSWixC5m8L77jUd3MGjBANsLysjZwT5g6XXhqCa2T1DXOB2WTiBzQ8FyY/DPD6TYqZotWJSaANYD38am+uYk92yggsFANtQhKqqnp2NJ4yHW5GcfZVVPBFK9w7mxB8ptcFcDYf+FJtCjK0c4mJyoJdTd2ALAbMrXlzkAtY2mKqvm6wIOL3afwnbKKHouYR5ut7/s8F+Agedr126t1lxA091GydmU3QZWHh4X+3QbfnUbfK8/CcK3PY7gyN0xLJlzJ3iHIdNJCVrp1UqT67DtcHOLgqqmBEYalX7W3H64XdM2VirMvdqU+Ln0cr6omdvStiIxvkAGUyJ6Tbnunt2LcPRYLdUMcIURLGpXLQFUDY/8Asc1+Ja9qZzw1ik3B0shJ5WG/sT38mdgVFABWbNVamvAWT4eQ+0bV1HVdccKso6fosDRz5QnxNwFBiABNGklG1zIDR9NPHofMaHYNrnA4KZWvyiXgvCxYfBOqqsYiVs5jVVzLlYgnKBzKBlJPU0bs6VFFUmSOx7KXrYdkgI4K4uG4wEb4o6XmIOicnpqAGvzGla7a4Bsh3FP3sn3iGw3cuoZ0dRC7uUEavbHKy093mRlBW0KsCzFQOfatTuZUGQH0kceyq9Pqh8O1jhweU3OF1MqSpIDBIBIjsWXLpaHUi2LFWARlLZ1zarW0jNcOZLH6hyq4luwxuxcWurIbu3HHFzz3IRqsVjm8u81sJ0tRzMviumbt2maO+qAlkFm/dcGr9QZTkxty77JNb57XcYMeWxEr4jABijQw9ykUeVNe792+R4SbORqCkIVOZyLGfSqeVnSYAPmlcNbKwb3Z+SdnCvamBupJpXDKS2U/DSyTZYQSxCnIjRBmBogEjMbuGr6RtPOIomm1v+roWiF9ZHf93hVW9ojejztmfLPQIjyWl94uqpGXJIY17xxmZQhWlEpJNA6Nk229yRhFalRk0wlaHWY71G4sB7e/1VouwvjtX3SkJPvIIkicHQkRoIwwHk1a+R08ra1tO6Fh8KWpJ2yyfO6N5JdudvV1GCsXn2zBRQaozfMBfDSrdKwUN9Ftjrpp0s30/ZzQmzHFJq4AuaFyN7Q9wd1jZgnTOzCwFtZPeLQ8AVZaHh0IU5hsRBMJ2GRuefvZC1UBgcGOHhNP2b4pkk7wwvPhxUchiFupHMDl6uiUASvOAVIVgJGSa1i0rCxrrOAv+D90z0uMsO54u0q0uL4SwM7vIZjnkbvMwhZjHLyhx0RVV0VUeirChqb2jaJ8sbensvbi38qhr4WvDX7rWPN8WTO33wNJIW7mRfeXpISCAbLUVo11q6IAFtoTt2Ki/qwCERTMuQLYXIKr+nh1epG+2c3yqodu2/IYw0GEKuIHMAaI2JWMMczmxdjvZggNnliFaNrY0Mj3M6jrgu7JdK1u7aDxcJlbw38xw0MaRRmKllLQhEyC7jOUqISqsrDLRK6NVkLLGa1TTVdXtic5pA8YVloNSaCm+IDhm9xezgOMDBXm5uGJpSDMA8lZk5Vc5qotnKhutHXLGtIArMqMG1LDBpzBuN3/AG82SStqKnUJXQ0u5kJNyLnPvzlA+6eLJYMUTKrQOshDhDYovzC9DRHXMoU2CCb2o3ls1Ke+L/2SuNroJg04sVdLCS2gPptyB66s3OVi67YWJWwURx6f/HlOvfN3RJOVVRiBM0jUQscUQkZmND5QbdQWUkjYKJzibEgpSQZKsDmxC53dtnB8kmLMmQjO4jRDq1rEApoeeTvKsnK6+eijR6jpQ2Jva5P1KodYphI9pHcWTo9kxZYcsbEFcRFHjMOwF0ayujjKTYNqWHhQr9S3U5I3vJtkGx/hYU8T2M2f7hP7fPDUefPKB3mhZswjIB1GookDqVbTranbWBrXgBmPZI5p3x33WPunFxH2cqN3SRElpJVEEjg8wWUUViIHXWizfGLvTQt5SKJolAu4lBsb8S5wOBYrnHx1ulUxxwyO0qwz4iMOVCFzBMySNVsBmeDzPLXlp2qgaZIo3EWJAK5rVvEZdbtdMjcW8cuFQKcmUFfecyg5rsVQ5iCTf012+raUdUuJQ9JVks2ixT17IcSrQBjlZjo7A3ZBo/bxA8AduUV4fHUua76X8LrunujfTtewWxm3lLD2nuy2SjisEuZwPfoq6sqjRhRFsnQ6ElKr4QDRaRX9MGGT9J4P4SfVKLqWmZyO35T34GxhfCRsfFEY/dQdpOVtnu91Uwk7RfwpmSTbGyJQTxlvZpcBOD1QTJGq+CgEFmN9Sc30oEeoern0NjHFkBp4Jqb+SkbxhuQT43DtqhaaXEqUH8uG44FJBDHLIguIGrAatA207SB217W/uFvqq6ocGDe4/pTw4W7M4o0RsOFjdbVb0GV1OdSpus5yyaUc6Brbnz+3wOHpkukBqNwu22UW72wK5Qkiob/TZuvMk2b+nn6XrTh0Xqa4pXO1pGQv/9k='
Krish Naik,https://www.youtube.com/watch?v=FzwJoHawwwI,Ding Ding,"Sir, I have been tutoring and doing freelance projects since I graduated (4 years ago), I have a GitHub profile, and have done few end-end projects. What challenges I might face while applying for companies? How would my current salary be calculated?

Would you recommend joining ineuron in this situation?",b'/9j/4AAQSkZJRgABAQAAAQABAAD/2wCEAAMCAgcKCwYKCwoKCQcJCAgJDAkKBwkHBwgICQgICAgOCAgGDhINBgcRCAgGBwoICRMUCRUJCAcNGAoIEQgJCQgBAwQEBgUGCgYGCggNCg0UChQLDg0QCBQNDwoICgsIDAgLCAgKCggPCgoKCggPFAoIFA4UCAgICAoICggKCAgIFP/AABEIAFgAWAMBEQACEQEDEQH/xAAbAAEBAAIDAQAAAAAAAAAAAAAACAYJBAUHA//EADEQAAEDAgMECAcBAQAAAAAAAAIAAQMEEQUSIQYHEzEJFEFhcXWxtAgiMjVRUoEkI//EABwBAQACAwEBAQAAAAAAAAAAAAAFBwMEBgIIAf/EADYRAAIBAgIGBwYGAwAAAAAAAAABAgMRBCEFBhIxQXEyUWGBsbLBEzRCcoPDFFJiocLwIiOR/9oADAMBAAIRAxEAPwDyRdWfJgQBAEAQBAEAQBAEAQBAEAQBAEAQBAEAQBAEAQBAEAQBAEAQBAEAQBAEAQBAd3sRs+1TU4fTuTgNRVU8DmzXcGmlCN3Zn5uzFdm7l4nLZi31X/Y28JQVevTot22pQV+rbko37rllVPR54eFs2JSDflmgiG9udsxa9ii/xsvylqS1Hw8eliJLmo+rOtxHo74iZ3p8TYiZn+U6USF37LnDJ8jfx16WNfGP9/4YJ6jRkr0cQnzivGMvQmfevuUxPC5Bjqo7CV8kwPxKea3PhnZtW7QNmPty2dnffp1Y1FeJwGktE4nR09ivHJ7pLOL5P0dn2GCLMQwQBAEAQBAEBmO5r7jgfmVD7qJYqvQlyfgSmivfaHz0vOiouki57PeFf60Sj8D8Xd6lia+b8P8AV+2R/s7tLU00gTQSnBOD3aSM3A21Z7XH6h0a4v8AK/4dScoqSsyr6GIqUJqpSlKMluabv+3Dse/ibDtgMai2nwWeOoEWqxzQmTNbh1cYscMsf6s7FGRC2msoatdQk08PVut3p1F4YKrDWHRcoVkttXTfVUirxqLndZL9Udxrkq6UgIwJnEwIhIX5iQu7Ez992dlOJ3KKlFxbjLet/NZWPiv08BAEAQBAEBmO5r7jgfmVD7qJYqvQlyfgSmivfaHz0vOiouki57PeFf60Sj8D8Xd6lia+b8P9X7ZFilSpy7ejkkfq+Mt2NUQP/XjO/oKh8dvj3lx6iP8A01l2x8GRzvRH/di/46/V+4kUpT6C5LwKt0j73W+ap52YwshHBAEAQBAEBmO5r7jgfmVD7qJYqvQlyfgSmivfaHz0vOiouki57PeFf60Sj8D8Xd6lia+b8P8AV+2RYpUqc2KfCNsq+FYRV1dV/wAuM51hCTZSjp44maLM37kwlIw/VaQGtfRQeJl7Soox5d5eerOGejdHTxGI/wAdq8nfhCKsr9rs3b9SW81847ixTS1ExaHNLJK7NyYpDc3t3XJ1NJWVikq1V1akqj3ybb5ydzgr0YQgCAIAgCAyXdpi8UNbhU0hZYYa6klMspFljjnjM3ygzuVhEnsLOWnJ+Sx1E3FpdT8Df0fVjSxVKpN2jGVNt55KMk27K7yS4dxcO8/e/sBinVut1JS8DicO0GJQ5eLkz34MbZr8OPn+Oy7qJp0q9O+yvLw7y3tI6U0BpDZ/E1G9m+zliV0rX6MV1LeYvgm1m7OjJpoR48wWIWKnrqh2IXuOQa9mjE7s1ifW9tWWRxxMsn/H0zI+jidWsK/aU1tSW66rvNZ5Kqti/bw6zyL4j/izqMVbq8QPTYaxCTgTs81QQvcXmcNBBnZiGIbtmZncisOXZoYZU83mzmNPay1NJL2NNONLq4yazTlbKy/KuObbyJ+W6cSEAQBAEAQBAEAQBAEAQBAEAQBAEAQBAEAQBAEAQBAEAQBAEAQBAEAQBAEAQBAf/9k='
Krish Naik,https://www.youtube.com/watch?v=FzwJoHawwwI,Algocoholic,Thank you so much Krish Sir.... I'm college Dropper...I want to restart my life love you,b'/9j/4AAQSkZJRgABAQAAAQABAAD/2wCEAAMCAggLBQgMCg8GBwsGCQgRCQYHDwYHCA0IBggGBwgICAkNDggMDQgGCQYHEAsQEQgUFQ0VBggXGBYIDQgIFQgBAwQEBgUGCAYGCAoNCw4NDQ0IDgsLDgwPCgwRCwoPEg0ODxANCwgNCw4UDxMJCgoNDA0NFA4REAgLDggPFAoICv/AABEIAFgAWAMBEQACEQEDEQH/xAAZAAEAAwEBAAAAAAAAAAAAAAAABwgJBgT/xAA2EAACAgECBAMEBgsAAAAAAAABAgADBAURBhITIQcIMQkUI2EiNEFScYEVFzNCQ0RRU1SU0f/EABwBAQADAAIDAAAAAAAAAAAAAAAFBgcCBAEDCP/EADMRAAIBAgMHAQcCBwAAAAAAAAABAgMRBAUhEjFBUWFxgZEGExQyYsHwU+EVInKCkpPR/9oADAMBAAIRAxEAPwCtk+hTXRAEAQBAEAQBAEAQBAEAQBAEAQBAEAQBAEAQBAEAQBAEAQBAEAQBAEAQBAEAQBALiaZ7Px34PGZ1bxlPhm5dN6agblDclBYsGFjV8oP0ezH5SlT9pFHF+42FsbWy5X62vyt9itSzlLEe62Vs7Vr38X5WKdy6llEAQBAEAQBAEAQCSvLl4YnUeKMHGILVvaGyOxIGNj/FuDem3VVeUHf1tX1+2LzPF/C4apV42tH+p6L03nRxtf3FGc+NrR7v8uad3+PNK8d1aV8MBsFn5t1+s7ixMcL/AF92SxvzX137ZQsuk8C8Zr89v7d1/XQoawcnhniPqt45+uhmj5o/DD9HcW51Cjkqd+pjAcoX3fK3sRVA/dpYunp/BM1PKcX8VhadRvW1p91/35vJesvxHv6EJ8d0u6/LkUSYJAQBAEAQBAEAQC/fs4/D9KNN1HU79kVg1dVrgDlx8UdbKsDfcdxWD27e7N679s79p8S6lSlhId5Lq9Evv5KfndZznChHu+70X51KnZ/jbkHjJtUHP1PfuqqHZT0kccmOSNxyihRWflv6997hHAQWE+E4bGy+9t/r/MWJYWKw/wAPw2beefrqW39ohwVXlaFpuqY+1i1hFe1OQg4meotx7CftWuw7DY/zf4ym+zVeVGtVwlTTe0vqWjX38FcyWq6dWeHn47rf+dDP6aMXEQBAEAQBAEA9Om6c9l9ddYLve6Kla+rPYwRFHzZmAH4zjKShFyk9ErvojxKSim3uW81i13XtG0DhHAxM/wCnTZV0mpRBcLbGRrMp3r9Clzs5ff8Augd+aY9Tp4nM8XUrUPmvtJ3tsq9lrzXDsZ3CFbG151KW+91ra3L9iGv1++Hf+Ji/6dH/ACTf8Ozn9aX+1kn8HmP6j/zZNHCnE+i67wtn4eB8OiunpdBkFHSLoWx3rr7gJU6Ap223pP3ZB1qWKy3E061fWV9q977Wuqb5vj3IupTr4OvCpV33ve978/3MnNW0uyrItrsBSzHsdbKztutlTFHU+vdWUj8psMJqcVKL0aTXVGiRkpJSW56o8k5nIQBAEAQBAJe8qet6XRxVjZGpWDGowA7oSmRkBslNloTlrS1hyM5cHl2BoHcEjeFzinXqYWVPDxvKWj1StHjvaX0+SNzCFWdCUKKu3o9UrLjva7HVedrx5x9U16r3R2uxcCgLVYVtqDW3kWX2BXCOB2qXug/YH1BBPUyHL54Og/eq05O8tU7JblpddfJ18qwcsNSe2rSb142XDp1K7yyk0WD8lPjrRpfEFhynanFzqGW5wtloWyr4tFhVA7nlIsTsp+sHfsN1ree5fPGUEqSvOLvHW11ua1suuvIhs1wksTSWwryTuuHdcuvg5/zZa9peRxTkZGnWDJpz1rewhMijlySCly8tiUsep01cnY7m5u/Y7dnJ6delho0sRG0o3S1TvHhubXTwe7LoVadBQrRs1otU7rw32Ick2SYgCAIAgCAIAgCAIAgCAIAgCAIAgCAIAgCAIAgCAIAgCAIAgCAIAgCAIAgCAf/Z'
Krish Naik,https://www.youtube.com/watch?v=FzwJoHawwwI,pandurang bhosale,This video is so much helpful for those who is having more challenge in his career path.,b'/9j/4AAQSkZJRgABAQAAAQABAAD/2wCEAAMCAgkHCA0LCAkIBw8PEQgKCAgGBggHBwYIDAYMDAgGBQgHCAgFBg4RDggLEBYQCAoUFRUJCw8NGAoIDQcUFRQBAwQEBgUGCQYGCg8ICw0PEg0UChQJEA4ICRQUCBQICgsKCwoLDRQUFBQIDRQQCRQODRQUCRQUCgkKCxQLDggUCv/AABEIAFgAWAMBEQACEQEDEQH/xAAZAAEBAQADAAAAAAAAAAAAAAAACAcDBQb/xAArEAACAgECBQMCBwAAAAAAAAABAgADEQQhBQYSMUEHEyJRgQgVMkJhcZH/xAAYAQEBAQEBAAAAAAAAAAAAAAAABwgGA//EAC8RAAIBAgUDAQYHAQAAAAAAAAABAgMRBAYSITEFQVEiExVxgZGhIzIzcoKi0bH/2gAMAwEAAhEDEQA/AOzmNDYogCAIAgCAIAgCAIAgCAIAgCAIAgCAIAgCAIAgCAIAgCAIAgCAIAgCAIAgCAIBUfC/wx6XW8M01tTNp7HXT26i17C6e2ac29KMegd9seR9JaKOTsLi+n4etTbpzkoylPVeNtF52T+3j4XI3WzhicJ1DEUaiVSEXKMYabO+u0Ltffz8bHPwXkTlYuKBet77KLH1d6ixicDpsT29CxJ8J/m89MP0zLDmsMqiqT41OrJanxtKNo8+DzxHUszKDxDpunDnSqUXpXO8XeXHkzz189AfyjF2nZ7aWPSRZvZpnO6q7KAGU42JHfY5J35XM+V/ddq9BudJu2/5qb5SbXbw/k97X6nLOZ/el6FdKFVK+35ai4bSffyvmtr2xiT078QBAEAQBAEAQCxec9SycnqVJU+zoFJU4JVrqldTjwQxB/g48y+9QnKGV4uLt+FTX1nGLXzi7PyQbp8IzzPJSV/xaj+kJST+UldeCOpAi8lm6XiR4nymz3/Mim/qLHJZ9OzdFpPfJ9kH+z5mg4Vn1HLUp1vU1Tlv3bg3aX1jcgM6K6dmSMKXpTqR27JTSvH6SsRlM+F+EAQBAEAQBAEAs/mDgdmq5SSulDYxo0TBFGWYI9TuEA3Y9KHYdzt3M0JisNUxOWY06S1S9lTdu7s4zdl+1beeEQDC4mnh8yyqVXpj7Wav2V1KCu/3PfxyyNKtOzMFVSxJChVUlmYnAVQPkTnwPMz9GEpSUUrt7Wtu+1rfEvrnGMXJuyW977Lve/wLL1HDPyflVq7/AIMarUZTuVu1DNir45BwbsbeFJzgTQMqPurLkqVbaXs2mu6c2/Tt4crP4NkCjW965ijVo7x9omn2agl6t/KjdfFIjCZ7L+IAgCAIAgCAIBbWo5tt4dyxTqKOnqSrh5UOvUrA3VKyuMg4KsRsfPcETRc8dVwGXqWJo21Rp0+Vs7zjFp/xdv8AhnmOBp47MFXDVr6ZTqcPdeiUk1/Jf6eJ4Z+LnR/rs4eyWeWpNLZP1FjKlo+4+5nO0c9YP9SphnGp5Wl/2aT+2x0NbI2L/Tp4lOn4epf1Ta++5kfq/wCuF/GmUOq0VqepKEYv8+nHuWuQvuHBIGFGAe284Tr2Y6/V3GMkqdOO6gnfe1rydld24228cnc9Cy7Q6SnKLdSpLZzatte9oreyvzvv54M3nInWCAIAgCAIAgCAUbzX6waG7ltdGlxa4V6JDX7FoHXXdUbB1lBTsEP7vHnMrWO69gavQY4GE71dFOOnRLlTi5epxtwn337EowXQcbS668bOFqWuctWuPDhJR9Kd+X427k5SSlXEAQBAEAQBAEAQBAEAQBAEAQBAEAQBAEAQBAEAQBAEAQBAEAQBAEAQBAEAQBAEAQD/2Q=='
Krish Naik,https://www.youtube.com/watch?v=FzwJoHawwwI,Karthik Balasubramania,really inspiring one for me at the right time,b'/9j/4AAQSkZJRgABAQAAAQABAAD/4QAqRXhpZgAASUkqAAgAAAABADEBAgAHAAAAGgAAAAAAAABHb29nbGUAAP/bAIQAAwICCgoKCwoICg8KCgkLCwoKCgoLCggOCAoKCgsKDQoKCg4OCgoQCwkICgsLDwsKCgsKCwoLDwsPCwoOCwgKCwEDBAQGBQYKBgYKEA0LDRAPEA4QEBAQDw8QEBANEA0PEA4QDQ8PDw0PDw0NDQ8PDw8QDw8NDg8NDw8PDxANDw4N/8AAEQgAWABYAwERAAIRAQMRAf/EABwAAAMBAQEBAQEAAAAAAAAAAAQFBgMHAgEIAP/EAC4QAAICAgAFBAEEAgIDAAAAAAECAxESIQAEBSIxBhMyQVEHFCNCM2FSgXFyof/EABoBAAMBAQEBAAAAAAAAAAAAAAIDBAEFAAb/xAAwEQABAwMCAgoCAgMBAAAAAAABAAIRAyExEkEEURMiMmFxgZGh0fBCwbHxRKLhI//aAAwDAQACEQMRAD8A/EEXSi+x9kjYJA/JPnxsg1fn8b+UmFbEq16D0GLl3ZJu6ZVUyAaEIcMa+zmFFsxAxLCMAH3ibqbA0a3Bc+pUJ6rcfyvKBI3V0uNwVObfRKjJCCKAV7rbKQALxOPCqvEWgJrKM9pMeb6qzKyo+YpwxY7ybHvA2AFxofjInzZ4iLt3KltMCLKk6PynKyDGUMzlT7ZZgwRsRkKFDHJjjd3YH01859RwlzE0tIKhesemUtwUoEhlIYqSpJrVMmIJrwHFjZCsOLKdY21LTTGyn5uXINCMgKNAFzdbDNZH3R8D89p3xV0gKUKcIjp/pDJEkOFPJiykv/EwZAqGt3NlkvknE1gqyOo9IJsV4tTrrH6eywM7xgtAosElmvJwGCKcbr5+MT+WJvgWV2vhpyg0EXSTkwky6IjkTz9hlFDRHkKPIO67hezwThpN8I2u1WOUs6h0w917F+bIA8bpgDXgVeX9aNHjARsjgwui/p/0VhlMcWwNRhgSffo4nRxwGW8srcAUuPD6LQ652wo65LeqEv6dyZhLkfyJ5aRtGRmIdm2WLZyH7267IW2tlZ+qwQUqYMITqHUPePt15cUKAxs+bOOhet1YN6sCBrdJuujEXS2LlES17mlDG8XVlKBbNUGsiiScyoUVVgkriSCmbdyfcrKVA9y1OP8AHQAxa1+SachwpW7rZOWQxIhkoSUZJ1syRhQTUQLFiFpcyCFyHdUjnSNeLXQoykLdTAICIHmgJ+rmj7hOQChQFG1JJPfYqgdBkcEXtd8a1g2XiknM8kG7kBIsqzVRBOwfbDMaU/2B2RsDQ4qaOaByf/p76umgJdy8nL3jIGGeBoigfNld18WHm6Npr0Wv7nIGkjwRnrbkoAy81yhYM+UntuY8GUWJdKCpZMlJqQ5liyr2mtoveQWP2t8fv0S3sBu1LesdMVe8UqkKw8CyLGOQG2RwQd0QAzZWOABIdCobDmzvurb1RCsSJBEcSyIrkL83lssV+tMZR58A0e08daj2Vx3mXSVL9d5WSaMHl1ZkSRY5h5o02JADWf8AG/0KoHwAxUXCZKdS6ud0MvpSVRWFLfk0SS6oKbzQtbX/AHkR5PEdStFguhTaDlOk9MMqkMKiZshkwPeFoURfyU4kAkgeQNDiN1U7JoAleR0wFR2swBBjRiVUUe6wAjgkGgySeDVajKl0ukLNMmydr6PILfuQEWNqaMLgobKioQdxI8BmJloUQftBruJ6t0wMESUDPy3KAgMrECl1RobNfZJBa7FWD/68e11SYCZDQl0CxBsoGKlqABAPn7rf2B5AHj/rWmqO0AscGOK+dZ6Gye2zIASGykUlveU0UYEixk1obYhXFgKOwUNqdIDq8kiNNghur837iBGS2BVkfAg3W8gO4mOgoBNOtsdlcGU6l8pRYQgouvK4aJxiAok0DVoiq4XV3Ii/8ayFfbcG5hJBbdLa4NMHBXUvUDfu41aBcg6jLEgstd1BBk38U4kUvaKpyGJBJNrSBIlQOBT3pX6ZuOyU4KhBxL47YZGwA2wpOjRr8eTK957ICYwAXOVVRekuWhqSV3ZXIOVNi2NADKv6rQA2TRo+ahe1xNwq2uGy2M0dIFhzy0of3HrS1YAA2PyaH5N8RFtQcvc/Cobp7046Z0Hwf28YN6FP/wBj5rdg2CDsMP8AY4wNeLkg+R+UZIIS/r/SoSx9zlWp3+MMpj8rsKjRyntG9ykd3k3YuFzMffQpWBlRnUeT5Nh/Hy07BbZA8vL0gBvtplaraqAABa6BumObF7+f/AsDjzCmF9NqrhiqqC22zEoFsL2tJrKwA90RQ3RSW1CIJ/fwmio0LoR/T8FO4kqoJ1ahkqyI8aAokaLPsGiQQeIyfNbK5r1/opQsoVXKi7GtNbrkfq1A2CDWqF8PaGm5Cxznc1Kc3zGLL7i/jZGwbDUDvx5Nea8X5spttZRvJOV1noXQjy07S+4JUkxZf64OCAS3yWnjIBAVaKk4lnJBcI7UIIMjn92Q8UIgjdVcnTmbujAamxJJYmycjbeAFO9/+aB3x0HARlRAkI8dKDLa0rAgqhCxqDW2DVW1ptpvIEjQJ5j7FWtKIiJj7pE7mBAMZFsf9HQDfI1X2R3LkVkc05CqaRuqZuoK6FAhJAjJfuNqjAgOt5B6B+NjzWP17UHR99Vpspb1D0TLaMMXWvcO1UAtiHuuylIb6b6OwQ1ljKAmy5D6i5tS1QI0oR8DKlyFiV7mALwhhVL/AB0ustWp4va0ESSpCSlfTOe7hy8yFHm/xmQWstKS6Gy+6BNWarRG1IuiJCIG665y3XCsaxSLm/xIy23kUx2bNqoZQAyjK7dSeS5t5VTXwpzrPSGkPYlrGKY2IwMsdkjW9KBfbH5qrHmjTlec+TZR/qf0gf6qbKkGqBJGzidilUg1YIZSNkleKadVJe1VHPRmQI8jUVZiTYUPkPjZI0BR1oeAN8XsGiwwpCdVyqH07zciEmzQAGrWlJNOa1Wq0McxVGxbTfCEKj6ZzAZsScVLUD3dlC6IOsfK+VFMjD6HEtVu6fTtYplyjh1ELAFbQ7FfMZBfJ8AFPs+FrySjBT8ojlvTJaqlZlFC7KaJBBU5CyRu8QTeY35SQAUYJhLfWHLluWdXFskyxE7yxJ0TVWT9EqCftjZ4c0XDuRS3EwoP9OOkDl8opireyjPDaCmWSQEKxsNYSRxQ2BGBYo8WDrOJI2UziA0RlY9e5b9z1AOr4x8t/KhVAKKxq+Jft7WuRcdgs532MOEusHDY/wBomnCrevdHKSyvvBmxdyQGKhFbxZNK5cnuGuIowFTCEgRZGRACcyzkKBZBHn721EHR7TssBsTcyUWBZS3qWIPXtk0xIoVoL40L0zbYg2xyO1UVtMACSgN7Jl0eFVftoN8q0ysmtgCiBVDA/YqgRY6rnTZTNtdM+c6WUYSqwIOmBplPjtC+cStmhVAGgBjx4GAsNzZT/qn1xFy63LOISTYEjIADmq0BRf27I7jYXSsTa8T9eqYYCecJzQBlPvR3WxzMWXIczBOqFbEbl20KGag5L+akH38iNcTvmmYqAt8RHpsqBiRdWnQZXjH8wIP0DmFvY+NV9kWAdeCDdg4cloKH6r1IP7w+pY6Ygi1ZGtWA7gTQUWR/8LDjaYMQtcAbKdm5CKMe4/eWBDSAF2olTZQaqgxs5rdb4tY/T2lM/hnkdUL50LnYO5EExgCgh5lETvI3bgoDE+yEVAb+YJBUjFuBdWaZANtuf3COnwjpkhEdY9RB5NbEjAg+DkV/4EV5192QPomoHRmfdP0kWhcq9WeqIOUlCRMz8zdxwQsPcGV7ZSwSOJbNvM6ALZprx4bSpmsNQs0fkceW5PhKWbWPohOq+ouoL2tyChpAMH5WVJRreTSOIQKRiowzMjK1AUAy2t4cmRVxnUI9ImfaEZY+OzlXDczHFg0gs5gnW6rt1RIyYY7/AK18qrjp4Jlc8AlIvVfV5uoBhy037Xlo2Mck6oGMs8Yz9uAtjGFjcESuQcn/AIlUESlUVK7aJBqN1OO04HM7329VTTol/gjvRX6Ww8tKsjI/NTxsq/uebYTPg5x9tO1cEwYr7cRIAdu98hxy6/G1Kw0t6rTsLDz5roU6LWXOU69Y/pFyPMHOSAhzIoTmkPtvDQGg8eMt2S4UuRR2BbKEs42tRETI5G4PkbIuhY/AQnK+leqcsyDlOpnmoghcQ9RSPnFdcjiBzAEcwUqFBkDtjldE0A8cZReNVRmk82kj1BkeUeiUaDgbGfFDj9SuZYMz9AcuP7QdSjEUjMO2jKQy5OKYe2zCiaauLA2gcV/UGfb5WAvH4LLlP1k52MhE9MuW1St1eJzsE+EiSvv8b4x3D8O7/J/1PymivVH4e69c1+p3WGGadL5Lkt7HNST868YBrwMVJo2KegPNeOI3cPwbZDqj3eAifAulH0tZ+APX4SHnuk9V5uzzPVTHC1l4uQgTkQoWyQJluU2B8S2TXiMgReirw1Ef+NGXAZedXtj2SSx7u26B3Jov6VRcnG2EP7dxTMjAt7kYyLSyy27NIjtjsmQCmHyICanF1HmKhk+kY2wmNpD8bBNefcriFx2g1kr/ADOkor2kA/4yBjkARYriRg3cjdJ7JU7FBNMhLBgDRYgKzLGo+SJt8vOLlK9sg0zKFbv1K7Q6Mn2nlOLfpc5lBwbJVh6YgaVfajUGCOO1jpQqLiFW0qqEKrZJpiQ9DatyHkklxMkm/juumG6QBFtvBH82XZmRSV7I6cNliUCke2fibBsoQVCn23XzwLWho/XNKJMpvynU8UyRyGVI2VgoGkJBOJLHIggsVOeiwIUkBZgmCEYkYTjpvTxzEQ/aEpJGhsSOT5BxZmN9v9tALdgoCeImAgmcbQnO2S49OlJaScZxNjkYjs4SLaEEHTLsk0RRFZFTw54DgAMoGuIN1ryvIyEq0eQRZFCUEtQ5xFkmPdsN3TA0FsFuCvZn3K9IEuSvqkYSUws+ZFFhYyRmGJABOQBAUM5OQcVXaK1wcMjC1t8FK+Y5Okt6LaJUGvb7g2LR4k5Ntu83s6NDgQ4kyvECLrbkuedxGq6kW2Mjl2VojliAt4qo8Aklbs2MiA17S10uxySmmRAS/n/TbEjMH22YZyqFc5r2glcgumIxDLjsgAAYjGG0jK8cw4I3okEbZFRvPyF9x02raALVQUjEFiaK0SMQ91rLRdZDsqWNHT3CS3lBjj3AzXFslQxDL3EhwfjwWxH39otVgCv7lajGCr3NJeTvGuOSmyoKk1v5EFjdXbAcDgichA6HTGCnsXOIZCkcatE8BUFsmZJMicASlAdoxkUhw74+3o2g3F8z7ZnxlG3q3CYdQ9S+yKFJmFiAsBXCUCrrkD2lQK/ydtfFiCuHFsBe3kraD1CBEIiVQSMxeQ+cFcDEbwLSdwDi+0kkXd61kZWZwk0HULkIViFjCkC82anDKrCgL9umGQZl+iSwbgi3kt1QtUWWVTiRnZz7GcnH45yE0SVxIpSSRR85ADvq370QMRC+KmEaCc/ZYAGNyAaNsq22AWmwIxAAJoh6N1PTGk92VgfqJkeyn+c6FGGcwS5WTiznGxkxUJkzOABfay9ulUEAgHNrhaHYCJ6r1BGiDlo4pk2I9J7jBMQSoJQ1GoW0oX5BIJAtuYiyCIvKC9P9VaQO+bNKxKoyPeKg5s5WiKzKjIU47iLpidfDYBBO8owbovpnqLGX2mAEYBVwMsiToP3lQqVQ2GBUA122WdE2NRObj4S9ZvAVB1KENHg3LlCwUxoWsxGtvG7CgGJXtC1TAEEBqnMl+qYAz3orRCCi5b2pcm/DLUbJJh2VaivJHdru2BRNhiALhMLbc176Fzm5IY2W5SEBkkSyxB2VPcMu0km1Ff3LC/AkjHshdEytef5FkEkaBY3jCAyR4lTeLbagKAJD7y8GgtMqZiJMrR4Lb0bzjfzMIUlLjEIGJPLga95WKkMxDGhSEg0St0HyMZ++H3mhOVok7xAFU7b2wKw+8C1hpFC0KVi2Si/co6BYcKJkEn+kYGLqf5mPAiYKREyhiY/5HkyUJUrHdLQAAJb+rZXQMEuEEX2HJCSAUt5vphNOEKqAxLDJxlRyYqKJibQLdtlCaU0/GtIi5ufvqlvHWkJVzHWllMjBfbmxAADWStYlkYBRhkTSEL8qIyZq0McI3G8fwmNeHdxX/9k='
Krish Naik,https://www.youtube.com/watch?v=FzwJoHawwwI,anil kumar,"I have 8 yrs of experience into non functional testing and now I wanted to move on to data science for my career growth , could you please help me on how to switch my career into data science",b'/9j/4AAQSkZJRgABAQAAAQABAAD/2wCEAAMCAg8HDAkKCQkIDw0HBgYIDgkICAkHBwYIEwYICwgJCAgICAgQCAgRDgsICBYQCAkJFQkVCA8XGBYIDQ0IFQgBAwQEBgUGCAYGCQoLCAgLCg0PDgkIDQoKDQ0UCA0IDgoSFAsLCAoICgwICAgICAgNCwoNDQoICAgKCAoKCAgICP/AABEIAFgAWAMBEQACEQEDEQH/xAAbAAEAAwADAQAAAAAAAAAAAAAABggJAwUHAf/EAC0QAAEDAwMBBgYDAAAAAAAAAAIAAQMEERIFEyEGBwgUMTJhCSJBUYGCI2Jy/8QAGwEBAAMBAAMAAAAAAAAAAAAAAAMFBgQBAgf/xAAvEQEAAQMBBAcIAwAAAAAAAAAAAQIDERIEBSHwExRBUXGB0SIxMmGRkqHBUuHx/9oADAMBAAIRAxEAPwCv6+aMOICAgICAgICAgICAgICAgICAgICAgICAgICAgICAgICAgICAgIJdF2P1hDm2m6i42vk1DUOFvvk0VrfldHV7vv0VfbPom6G5/Gr7ZRWogcHcSZ2cCcXEmcSEmezsTP5Oz8WfyUExjgh9zjXgEBAQEBAQEFx+5LDp2nwy6hqFVQtUtLKMUM80TS00Qxtc4ojdn3jdyFn54FrY5HfQbu6CimblyqnV2RM8Yj1nntXGxdFRE11zGrszPPF9rfiWVO/lHQ0fh2N/4jKXxRBza9QMmIn5PxATN/bzSd8V6uFMae7jnnyJ3lXq4Uxj88+T0Tvm9D0+saVHrcEWMoQ0E7SMOMs1NJJEO3Pb1YvIJs73wxe1mIr9e8LdF2xF+mOOInyns/Lo2yim5ai7EceE+XMs81lGfEBAQEBAQEFsO7L3Mg1WnbUdTnOOmfcII43GI5oxJ85ZZZGdooPlIeGuTNe4Njle7Hu+LtPS3JxTzx+Uf6tdm2OLlOuucU8/SEirqnpeEnDZqZMCcdyM9RcCdns7iW/Hk3uLWf3aylmd3xOMTP3esJJnY44Ymfr6vce3aWEumpnohJqd9M094RPJyGDxNPtMWZEV7W9ZO/5VltWnqc6Ph0048Mw7r+nq06fhxGPDMMvFi2YEBAQEBAQEGnHYoIdR9OjRQTCEjacWnnzd6eYeB3BF74GzCfuMn3utls2No2TRTOJxjwn+/wBtLZxe2fRE8cYV76c+HTVZs9bVUUUAfMcschyng3JYCcUbNxfmQhx87F5PVUbpuZ9uqmKe+Jz+ocFO7q8+1MRHisz246dE/TlTHQllBFpdM0RM7nnAE8Niyf1XEHK/1VxtMU9Uqij4YpjHhmPRZX4p6vMUe6IjHhllksUy4gICAgICAg7/AKN6/n0w92jqZ4iezO8Mjg0jc2aQWe0g8vwbEylt3a7c5omYn5TzlJRcqonNMzHgkXWveArtTDaq6+pMPrHk0UR/7CIQaT92KymubVduRiuqZjnuxlJXtFyuMVVTh0kXafVDF4Zq+uaDbKLwzVc7U2298g2Wkxwe78Y2e6i6a5p06qtPdqnHo9Olrxp1TjuzOEZUKIQEBAQEBAQEBAQEBAQEBAQEBAQEBAQEBAQEBAQEBAQEBAQEBB//2Q=='
Krish Naik,https://www.youtube.com/watch?v=FzwJoHawwwI,Rishabh kumar,Really inspiring Sir,b'/9j/4AAQSkZJRgABAQAAAQABAAD/2wCEAAMCAgkGCAYLCQcGCQYKBggNCQgIDggHBwgIBwYICAYNBgYNDgsQBwgJCAgFBxYFCgcUCRUVCA8NGBYIGAYJCQgBAwQEBgUGCgYGCggKCAoIFAoPCAsNCAoKCg4UDggICAgICgoUCAgICggICAgLCggSCAgUCAkICBQICAgICAgUCP/AABEIAFgAWAMBEQACEQEDEQH/xAAaAAEBAQEBAQEAAAAAAAAAAAAACAYHBAUD/8QANBAAAQMCAwQGCQUAAAAAAAAAAQACAwQRBRITByExQQYIFCIytBUjMzVhcXJ1sQlRUlOB/8QAGwEBAAIDAQEAAAAAAAAAAAAAAAQGAgUHAQP/xAA0EQEAAQIEAgcGBQUAAAAAAAAAAQIDBBESITFRBQYTMkFhcSI0c7Gy8BSCocHDI1KBkdH/2gAMAwEAAhEDEQA/AMku+t6ICAgICAgICAgICAgICAgICAgICAgICAgICAgICAgICAgICD6/Q7AxW1dDAXFrZ6yCMvG8tE0zYyQ3mRmva/JfDEXeytV3IjPTRNWXPKJnL9HlU5RM+Ss6jqH0sds2MStvwzMibe3G137+SokdZ7s8LUT/AJq/4g/iZ5PLP1EqeTdDjfrP2dHHJf8AxsjSPms46z3I79nb1mPnEvfxM+MOKbZOrlW9HbPkyTUTn2bUxXyhx8InjO+Jx38y3lc8FY+j+l7ON9mnOmuIz0T86Z8f09Ei3div15OVLePsICAgICAg1eyb3rg33Wi85GoOP92u/Cq+mWFfdn0Uj+oJ4sC+mu/NIqh1V4Xvy/yImF8fvmkaCcsc1zXOa9rgWuaS1zXNN2lrhwINjmG9XyYiYynhyTl7dGcZfjXQ2pfVua+X0ZW3kk35nUZm7O9533e0xROMnG7b81y+9bpwvS1NNnaO1p2jz06qY8p1TtylrJjTd25oGXUWzEBAQEBAQavZN71wb7rRecjUHH+7XfhVfTLCvuz6L32+bG6LHTQ9rrnUuiJtOzoWamrpal8/HLps4fy+IXL+i+kL2D19lRr1ZZ7VTllqy4c85/01lq5NGeUZuY4R1NcGdIwelp5e8PVskpQX2PDc0mx4bt/y4rc3OsOMimf6VNPnMV7ee+z7TiK+XzevrXY5UYNhcNHRULosKdG2KSqBDmsj/rDbktMm+9TJxuR3jJmGHQdq3isTN+9XndidUUcM5/u5Tp8KY4beEPLERVVqmd+X7ogXSGxEBAQEBAQavZN71wb7rRecjUHH+7XfhVfTLCvuz6KR/UE8WBfTXfmkVQ6q8L35f5ETC+P3zSIx5BBBIIO4jcQRwseR+KvqcvTo3jT8X6F1T6o6sowquu93eLnUWt2dzib3kGlC7Uve4vzXL71uMN0vTTa2jtado8M9OqI8vanbk1sxpu7c0FLqDZCAgICAgINBs8xVlLiGGSyuywxYhTPkdZzsscVSx8hygEus0OOUNv8ANRcXRVcsXKKd6qrcxEc5ymIjfbixrjOmYjk7b1w9rdBjhwnsVTraIqtTuTw5dU0+n7RjM19OTw34cri9b6v4C/hO07anTqyy3pnPLXn3ZnLjCPYoqozz++KclbkpW2wTbnhcGBS0NdVGCQirjIMc8wfFVBxzNMbHge0kbkcQe78QqJ0p0Ziq8bGJsU6o2q40xlMZbe1Mco380G7bqmvVT+yTquIMe8Ne17Q9wD25g14BIDmhwBAcLOs5odv5cFeqZmYiZjKcuG23ltnG3rKc/JeggICAgICAgICAgICAgICAgICAgICAgICAgICAgICAgICAgIP/2Q=='
Krish Naik,https://www.youtube.com/watch?v=FzwJoHawwwI,rahul harshawardhan,This is really inspiring...,b'/9j/4AAQSkZJRgABAQAAAQABAAD/4QAqRXhpZgAASUkqAAgAAAABADEBAgAHAAAAGgAAAAAAAABHb29nbGUAAP/bAIQAAwICDQ4CDg0PChALCg0KDQ8LDQsKCAoKDQ4IDQsNDgoNDg0QCgoKChAKChAQCg0ICAoKDQsLCgsNCg0OCggKDgEDBAQGBQYKBgYKDw0LDhAQEg8PDw8PEA8PDRAPDxAQDQ8PDQ8NDQ8NDQ4NDQ8NDQ0ODw4NDw8NDQ0NDQ0PDQ8N/8AAEQgAWABYAwERAAIRAQMRAf/EABwAAAIDAQEBAQAAAAAAAAAAAAcIBAUGCQMCAP/EAEEQAAIBAgMFBQUFBQYHAAAAAAECAwQRABIhBQYHEzEIIkFRYRQjMnGBJEKRofBSkrHB0SYzcqLh8QkVFhclQ1P/xAAbAQACAwEBAQAAAAAAAAAAAAAEBQECAwYAB//EADARAAEDAgMGBgICAwEAAAAAAAEAAhEDIQQSMSJBUWFxgRORobHR8MHhUvEFFDIj/9oADAMBAAIRAxEAPwBszRD2aw8/w1/phMjwSotRS6YzK8q6pp9MZEKwVFtqhvQsOl1Iv06jz8MZOCuFWR0H2l/R2/P/AHwNFypJWwgpfdj5Y3Assiq7fXeUQbCL/e6IPAsen0A1b0HqMXcbKAEhPE3fMvWtIzZgCcuvxs3V/kT8Pko9bYb4al4bZOpQFV+d0DRB7Y8hO8quf/oL/Jjb+BwSHbSq4bJhPn2CNq8vivPCQbTUge9+6GopAAtv2itUx0HRDc6LjSs2wP37ZD0jcp/I49cYgIlB5haP1wqJTAKJMe7ihKlQJhripKlCLirx0paZSjvmkN+4liwvcd7wX6m/kDi7aLn6aKxMLIbu9qehfaD5pTFmcleYBbUL3SRcKb3tm09RoMVfg33IuozCEX90+LtJMvcqFbKvet4AX1PhaynW9tMeNJzBtBUmUufHjiqZdqlVNkscvgBH4sfJmtr5D6Y1w1LxHZjoFhXflGUapVd4Ntc3adh8A0X+v1w0eUKxsKLUQWg0xmCtYTZdm7eTl8a6KXNlSSRUbpZhWxtEqn05sqH/ABKMMXCWJc2zu66dxvrgQI0JceI+9kkFKhjh57PIFKmQRhQb98mzWHgAAWZiqqCWGETnQmbWyvDcrehpd3laRVjmZAzRJKJgme9gHATOLD4gigkEgYgFSRCh8R9oMm5srKcriJshuB3mFl1Ogu5A+uJJi5U025iAEGuDvAiCO8skHtlS5u0ky3jBOpEYfw11dru2pJAyqKue+pyG4fKeUqTKQ58UZ4uGFBJTlZtmw5CLEqI7j903B/DFWtLdfQqX3Fj5hLF2i+xslLQmtoZ3jRATJCz5hlPXJ45f2lYkZRp0wTRxVwyoZB37/vql1fCBwzMEHhuPwlf2vvS0mxCM93v7zXUqLWAt0HmP9cOi0Mbsrn4k3VJsxe7gYlXCs5o9cQpRa3M2qy7txyL/AHkRul+gaBsyH8QMNKW0xLKlnldfN39sCTZCSrqskautvKVQw/I4CFkaEHqvdzNV3JPdvYAsFIbSzL8L9NMwNjqOpwlIOiZCy/Lsfug2sdL2+XT1t6aYgBSSlc7avF2SkpYERFfOS5DMRcx3VIwou0pJYsFVRYxAlvhGLsph5g/f1otqTzTl4i3Hnw4lDveffLby8F0q3T2cM10jKn2gR20do3VsqHraRuZ4sgFsYZWtqZZkbk7a97qRcGgO/HyhJuL2gNqhc71Mh72ioaFG08eUI1V18w5DEdPDBtQsBhseX5QFIVXAueD5j2Ta7n7/AJ2lw1kidSk3LIJCsgvbRgDqoJ+JSTbUYSVHZKmmiatEtniuaE8rw74lWupWYqf3rFfLzH6GOuaZAK4yo3K4jmt5TRe99MDLynP8eJUog8Oqn/xbr4qwb99bfxT88M8MZaQl2IEOBXT7sm7w83gJTeBjRoTr4UjtGvyvEqkehwNUEOIWtMy0LXHZ9h+vHCzKj8yg1ez/ANDGZargpSe15uwG3hjmSzT0tOzRxkgZmkYFQTZso93rZSSCR944FqOv4Z36p1gaZympw06whfuDxF2xJtArNTR1VK5AsWyVERawzI4tGUvqVlU38OuMHUmhsNJJ56R7j1TdlVxdLwAOUzPsfSOaK+zd1qWLat5KVRIDqQO7fz8sZEwrulwsiDJtyEbKORBGSPugC/4Yo4ghDiZXOLiRwtM++9U+YxmOYjuwNIpaVmylmzJyVJsAypM2ZgeXYHDsYttJlMOvISZ2BfiH1S0gRu42lU7QWqAB5C30wSkmi94B9oPyxZStTuFU220RfRoyPqhDD/LfB2GMGEHiBICff/h/b0X2NVU99VljmXXS1QnLIHoDTgn1e/icWxAuCqUTqE001PrheWo0FQZ6fGZCsCudvbG3oZeKVRHzGRSYs5S3MCLDEcqXuoJY9WUga6HpgEtHiEldBh3f+IA5+6XLYu/cS7QvDHVxSWIEoq5j1842BhceYMfysQCNqkEQ4BbNqMnYLp9PLRFXd3jQxgySsWe3dcixNvMdAflhXVpmJboi6VQTBK1W7fEQdL4AfIRcA3VxNtSm9mmkuqzw08ktswQyllUKCCvvzeJcoV7owQlbPfFqbHPc1p6KDU8Gm94+2SsV0FpVPjlx1gXBheCYlSo1NXAbQuSQAsgFjY5njdVPh0YgkX1/LG1N0FVLcya3sPb4mLjvEhY5Kinkit1BYATKT8hAwU36vbxGGFcbMhLKJh8E6rpfJFhbCYKDPBipCsCudPb02Iafi8Jyl46iFWUn4c9OBG6fMKEY+j+hwFVpkmybYarDYO5KlPxtIYgIuX5D9DGYwp4os41osqCu3xMlTcC3yxbwsousvGznZWl3R2q/tmBHsajGPdor3blCz7yO7XtCiRrcaZplMjn1sOWNOhzC99MMMLTiiXjefQWSfHVprCnOg9T+oVbtVPsCn1/X8MbhABU7Hu4spWY2/WkC46/0xo2ygov8Ht4Xg2hTVJbSKohlDCxYxK6O6216xZl6A2JFr6ljc0yD2S1xAfbv1Xalo9OmF6PWb3l33poZws1VDAxVmUTTwwsVQXZgHZSVA+IgWHjjwY46BTCR7t08ZKWq4HVDRMlTHSVNNypIXjku8wXmShhcLEIqlUQA55HaQkKghkZi3AuLSHiDEjiI+Yvy56Q2rkMjTf0XNqscczp+jhT0KMkA3CmbKqO/YYBqCEfTM6Iv8Otne+ucL6z7QEzoskyiLvTQAbLkAIaz3upVlOexuCNGXvaEXFrHpjpxTyYcN4Ae6459TxMS5/ElC/as39nz6N/PAYW03WZkrO4cWVlQbRS6WAzN4Aak/rx9NcaNVTZWVNxHKbtJAq8ycXGhuigsbC4+I5TY5TbyJwaKpyho1QZojMXFPBv5ug8XGFNmVivKk8pjpahKiSkhU8oNFG8NO0V1d2SN446iJQZs8bBoyT0p8N9MVWixuREnW4BIPUHsrNqPnKDBiN1+f2EM96OPL0+8k8TzFJ1XJLTvsmljhhlpgPZxGrc+YLHcMrrV+9jKNzX7kmPPFJrwGTl1BmTB8h6DTqtCc1IEi4N1XcJ9p+18H9qwNBLXbTnaCpyu9NHFII3i5ji1i0oKAKixBAHjA1WwrDm1AWi2k8UO4y3aKWzZGyA+w1a3dNwvU5dTZSdD06E9fnjkv8jh34ZxcBab8v7TvBPbWGR3/XuvNtgMtR1sPlhJ4wdqEz8BzTZEX2kxcP5pB8SwtlPqRYH6E4FZD6rW80W+adJzuS1G4EMn/QRjN5FWBDEQrXAK9yI6XLXSyA3Yju/cx3talNLZ4dz/AEuFadoOHG/z3WPOuz5B4gm46EEeB8jpqMc8RCN1Mqo3f3deWbuiyD4nPwj0H7Tei/UjTBNOkXKj6rWLy3j4fy/8x5aPlhK95/8A2OfEHTRfJFOXxJvgk0LxuWQrgCd6n7G3TjhpSFXvHqx1Y/X+QsMEtphuiFdULtUd+MvGIS7R2btaSL2yaTZsZdObNAi1Wxp3VpFOth7Qp81KMra6X6KiXUqbqUQJPk4fELc0s5LwdwVj22N3qafjpz1lWk9p2bTVLiXVXDq8auh7uZ8kAUrcA5FK9SSNTE0WOfeCR2sY9T5ohmbbYOEjr9hSOwrxSMPHRIVhhyPRSxpIyHPJyljlLt3gCzpTlyb2FrDTGVc52GbCd3f0uodSIII/iEGd9eK0UnFaenlaBIvbJ4QYR4JM6RsWBdSvdBV/hFwwOXQzjH0XhrC6Q5oB3xIHDSD5KlNhpgubGYGR+Qp+1+EcoUqDcqSAR0OX+fn5Y+eYzB1MIS57dibOGn67rscLiGYloDHbUXG9SZN0P7AtG7BTKOWC5yjNJpb5+VvEjzwL/j2uxOLayn1PCBckojGZaWHcXndHc2C2Wyt3hDtxaapkSAsyx8qQxK5dCiiMhzZCJsmV5wsau0bhjlOPp/jNYNRy/K+eNY7gefuFrNmbscze6p2fUmKqq46RxsyqaOKleV6ce72XOpETMWJ+zlZM6NmjSqliblJm9tN5lzRBIm0kD+QOvzw3owANyFwPMjQjpuPPpzmt/wC00kmwS0CNzoolaajIV5VXRTJTvFeGqiDXLRpkqoEKcyFgyytlWoGlrpMfd+m/Q7kJUpgXaZBuOKBW8+/ccdNq12t0BB/Hw+mp9MCOeG6qjGF3RDbZ3EJpN5ACLRkMAPW1wfPwtr59BrgdtUuct30g1spo+0hxB2Su9k9CqFootp1lp4MknKWq9imcIczHKKgzDLHGAHBTlkLq5ZXJIz62kHkNekQiWCGPjgtn2luFKVPArYU1K5mIoDAVcxJK0ESQmKdrlCAtrMMhP2gNpY3vSeKoqg2EhwPmI7z6KaLsrxm1IWA4R9jt5uCW1HelMtVFHJyi0kbgIIhICl2Ko4lgYA6MAbfCbYr4FHO1r3GHR2vCxe9wJtp7II8L+AkqcXoY5KVnheURSsQvKyVHc5odrIVUyK90a9l6akYx/wBIUyc149R9uruqCGluh90W+KvDzbWxuIbU6kVdIsayQrIUkvFLmvHm0kBVkZVGZlAVSo1tjPK4slpzMJiD2t8KjLu4OF5C+6LjfCN3zUmiM9X8NFSzqBHBMATJVyg/3yICopuWDdy6uY2GZVuDwDMHUqVactzWA4DeOYmPYpjWxhxVNlOoJi558DyIv+EHtp9muqn2IlQqAPOis5Z40zSOWMrm3dycwm+W1rWVLDRn/rCo1xm4j8/pLmPlwbxmOv8AW5F7jv2Y6+l33aVSbTFKmjmaYNKvIWN2e5JN4p27lizZeUwHeGDYp1WZ5uCAY6W72XmOO1TjmOu+PNevGnghNFtaCsp5ooKaujFVTrHOywR1YTJXUcZtZwspcxq0a3p5HgyFIp1xo0eI05iSWEdcu49OnTQhZ03TAA1Fuo3d0BN8uEki7DacRP7s+++9E0eVStXAWbmyQsDmlCoyIGzq4QSxQqcZhYBqMM8R7npxG7ot2EEWED25fCGVJW5doqfJgT8r6/lhQ0wQVdwkEL//2Q=='
Krish Naik,https://www.youtube.com/watch?v=FzwJoHawwwI,Ajai AR,"I have 2 years of career gap, later i completed my graduation in 2019 and worked for one year in mechanical domain after that I did my post graduation in mechanical fr 2019 to 2022, now I'm planning to join data science course. How to face the interview with this profile",b'/9j/4AAQSkZJRgABAQAAAQABAAD/2wCEAAMCAg8CAgsLDg4ODQ0NDw0ODQsLCgoIDggNDQsLCgoQDg0KCggQDgoKCwoKCgoNCwoODwsKCgsNDQ0KDw0LCgsBAwQEBgUGCgYGCg8OCw4QEBASDw8QEA4PEA8QEg0PDxAPDxAQDxANDw8QDw8PDxAQEA8PEA8NEA0PEA0PDw0PD//AABEIAFgAWAMBEQACEQEDEQH/xAAdAAACAwEBAAMAAAAAAAAAAAAHCAUGCQQDAAEC/8QAQRAAAgEBBgQDBAgDBQkAAAAAAQIDEQAEBQYSIQcTMUEIImEUUXHwFTJCUoGRobEJI8Ezc8LR4RYkJUNykqKys//EABwBAAIDAQEBAQAAAAAAAAAAAAQFAgMGBwEACP/EADURAAEEAAMFBwMDBAMBAAAAAAEAAgMRBCExEkFRYXEFEyKBobHBkdHwBjLhIzNC8XKishT/2gAMAwEAAhEDEQA/AEeu11pjK2Cc6mqwK0CHb5+a2UON6BXhc2Jw8zDm+e3wtbG+ni968IyQXlj0zH420G5CL803tDJerru9w9p7gfHv7/n4Wqe+lINteq4TzYdiCfXavz62HGIzqlIx5WnB8AacjK2IV6mWIfCkbH/FbD/qpw24f+J9wnnZQyeenymwwiTUbc0m0Wkj1SqZnXk8Q5P75v8A6GzfDOJgFncqJf3JoMEfVKv4WWO0VzVnIm2NL8++3eJLLaWBbqrKYKrYRlNPJX7lz4nH/wAMb4G3sf8AcFrw/tQPvqab43xNn5KDX1AnMO9oSaZKTRmj7wf8K78TLoX5gUBQygIWVh6kEU3/ADth8X20Y3mNjbrXqtlhOxRLGHvdV6L3xbwkS5fxUrJNGn3Kj+0r02Lx0rsOp/aoTv1GAP7TjxzyHofhWP8A0+4ayt5Za+oV98Hd5fLuM3+7PsV5ZKkbhwzxk++hXT1NKAU7mwnb0jJ4oZ2Zg3XofdL8DG6J743ahNBlzFefex+3S2ElDRqnrOSXjPUXJ4gy/wB43/tWxuFNxbKqnHiTHYE+tF/Cwj81NpWbtyx5L3mFKN+ew/Wlu+viOyQNVgAc0QANvneykPDbBRi58Qj1XFvgbeR3theHRAjEV04g3xNtMNLKA3r7wzD/AKWxJIwaF2VQT0BYhR0qep7dbUSP2WF1aAn6Zq2NhkeGDeQPrknJwPhPfHu13lglaOKJELlZ5UWirR1Mauqmp2AMZ1dSQdjzA4thEltu7zoe+oXUI8HJtR06gK3n2XZmfg0cU4oyXkSqSOhZtZQaCKA+YGhKvQECqqCCpIKpmPdFA6CRliznx+9DLei5uzhJP3wd/CsEGFDK/ESSRRWSVUEzA+UqsZ0DT0DFgCGHUVU0oKrIZnvgETj4WkkDma370FioGBz5APEaF9Fbso5jF4xWh2NdwbCzx+G0sjdmhxxQPJz3N/1n9TW1mEP9PLmpTHNHHJt+5sKfAf0tS8HQqTVlKho9v0WudozcP8aOJYHvuVNK+nayTGQ+K2oqN2Wam702qMiwbWkAOGqtNIG4sKYk/wAT+9tI39uaCOq6ssZalzhmGKCFWeaRgsap11ddVfsrGAZHc0EaIzsQFJEC5rRtO0XwBJ8OqaLL/G958pPHG8RdyBrAmeIgsBKQJobuWahZ6culWWmoW53J2ayGfO9nhv5Xw/N66JB2o6SEgUHaXqOZUJleQ5UxhdM7hFILJLFoSUU3pViQKdCooTSijcWDx8bZmFpYM9CLsffzVjH9zRbIeYOh/OSveC5rONm9uRpImVK96C7wyivuoZTt29NxZNJhWQRxBpuwT/2cPhCSTue94O4j2B+VKYLi3OvatXcd/f8AGwMzKHJQYVG8Vb3XOsh95B/8VtDBNtmSlOacijw5xjm3JPgP6WGlHFSjKzYe6lI60O/elK2/RK5+inkS6HD8u1P2jX8OgspxTrdsoiMZK85E4e3ni1mAwXSCS8SChZYwNMKmoBkkdo0jU0YqZZF1lWCayKWHsAXw/PzqrQCUw+TP4QM2P3bmXu+pA5bUbvdrv7XpSu4M0kkI5hX7sLKhPWS1n/2OGTRpx/jT18l6IG6uJ8vz7Jr+A3gbw/gdh014uyyNPLBJALxeZuayq60YqAsSI0hC1KIPLsKAkEXv3TRlzzl9FMsDHUAs8IODsY4axRhCo0IRVeXIkmnS5bckOWrrBO2y9FUDCv7UnjxT3vOdkcqvTp/vVdDb2ZCYO7aMtx+b32qLh3Dx8JvhKxyXh0FVRVkmIqaJUKHpqaiLtuxVVqxUE5+POKGySGNJonTXmfzyS8YFuG8RFkaAlPLw84NJxY4RXMzApelPJvHLIQsULiLWrBqf7u0RYlQ+lEXygUCTExND9mF1tHhGd1v+5QDHF42njPUor474VLnjWWljjT2dowES8RUEkjAdZQdpSxAZ9Y1U1aWQm1kuHEjfRfCSiqTe/AUM0ZkaSS9sEYDSI4FVgwAG5aSQFTTcBVNT1Fp4HBGMbLjxz9uKjNNeYCmsB8DpwGUab4DQ0XVdSuwoRUi8HzU9woajpb6fsl0zqa8DhY/lVMxIYLI9Vkhi14XEpKmoPbsBbsQWTBV14F5Wm4v8RrrhsJUSXhyivIfLCqo80jkVGoRxRyOEBBkKhARqBA00ba2j/tTac1utwz4bQcIMjR3O7oI44l2AHmkb/mO7dXllNXkdiSzEkmyouyN6osDMcFMbywuR1K/rQ/6WBFkOI1IRJyIC4sTwg3bK50AF41HLDAEFkUaepUbkdyPUgb2hJFsw+EZiteVL5r7kz3/Kz7vOEG+3tLoP5l4Z9D6yqF5QSZmbYBQCHlkNKKmptgKW5nHtYh5P+RceVG874AZ38rp0c0cMAcTkB1y3Vx4BM3kbJcOXMOhud3SpqZZr1pEZvUiqULBTU6ULjk6yBGEXSGILF88Ne6LDQ2asl2m1QINDhbsr0rK1kZZnyF88mV5ButDd7Z8b3KzzZbXKyggAVJ00AGpmAVj2NAigV7mlvnQCEWB0+UO2TayX6x3FhDcAo6hh+oJ/pab3ZVzXzdbXrg+aAL+q12XqffTzH8FHmJ9V9bFwyC+iHfmELuK/iog4VwNqmVpiWMUCHU7KOXoJChiF1ArqIAFNz0Bi3vHNJbnR+xHspgNuisXr0OXIfn/K3U1kwtRf4X/hFmyG0eOTyKovV1dILqq8xuTM92nhmklD0UyLCSsIQlUdGaRW1woBM8O8NefNXtFJ8sw3z2aLTWjGtCfTr+m59LI8S+vDeaYQi89y+T3T6RgorUptVTWht4+MvFMOi9Dtn9wUHfcFnaMgSVB69vz6fvYB8WIILQ6wrmvjBsjNDCXhNFcc9nEOWryyx8l7xHG8hVVbsqBieYBod1WrCNFqVFkErJIzqTG7WhYDhvoCzY13WBWZJTJrw8V/kNLNWPPLL5RRyjhgwq4POVKl9l1jSyxr9WoP1S5JcrsQCqsKrZvgYmsjdiHAgu0sUQ0aZbr1rI6AiwgJ3F7xGDkOHHf1rT2VbeU5hzDSlRU09BWvrtZU65ZdLzRQ8DUA+O/GOHhRfqSyKlWAGpgDUA/EknsACT2BtSzCyzyFsQJpeyTMY0FxS6Zg8TU3EzCmutxLRc0/zb9Imllj2JS7wsDoVvqvJMA2lSqJ5hKuohwDMFE6fF0a/wAb+gvnyS4SuxUrYYNSdfnyXy/ZEixLCY4ZRzdOnzSEszNQ1bVWuv1B26Cg2GClxcjZDMxxa48Mh0rgukMwMIiETm2Bx9+qWXwwcCJPEbxuu1zRS0YdZL05B0w3ZGDTFiK7ygciMbapJB2DEdveaFb1x4Ut78YuwuNyqDpAH1ei0GwpSmkjopBHrUWS4sBjdoOr89Ci4SSaq/z1QyvWPPjMpiqDI20VRuakqWYAjaP7RGnYkHci2dD5JnbJzJ0/OSblrYxe5WRMLXJUraWJ2/sgWmdz7z9Y1J3LHuTY2SNuHvZO7TMnz+5QrX95Vjz0CoueeIvsNyHOPKRqlYFP828061A309iBRR9p+1k02Ie5vjybw3nr+dSmmGwhkd/TFnjuCiMm+IuDOGJR3dVmWgrXlxnUVNNKpHJK2kEijBCAB5qVBtKLFslIa0Oochu3AAk+nVFTdlywtLyWnzr3ACK74K+NxgbhR2Yn+vWxvcSzZbuaS94xme/kqDxU4lJwrw1oo6PeGFKgVEIP7ufsj8TQWBxEjMNccZt51O4BTbcnidpw4rHjjVnxuKvFeVySViLRpU6qkNSVq0HmZ101FRpRdOxtrezMIMNhxervEfPT85pNiZdt5vdki7wdQZPy5znU+fTpoPss+hW3p5WbUAe+nv2yv6gnMkgiByaLI5n7D3IWy/T+G7uM4l41yHTj5n2V0uOb/pbMapobZyD9UDy0qT/3fr60ti3wFw2jpl/C2JmHuhV4T86zcOsl3x4pGiWSVFdoiYpJOXGCAZFIblrzSUQGgdpG6sbdR7cnlY9kcbiLBJrK866jTcuf9h4aKRj5ZAHUaF57gflGCDi0cSaruzN95pJCfzLVtkHmUnOz1JK2LRCBQAHkAve78bmwKYsk0qMaLVZpASKmgrq6CrGnqbWAyN0JHmqZI8O7VoPkvl142TNc2AvMm+5BnmofwEg83apB6Wg50rdHOHQkDzUgzD1+1v0Cgc0Z4abCpXcc0smk82dlJrQbN5iSBsorQj3UpakAvd4yTz1KI2mxtpoAHDQei6fCvlcYhxrwwB2jZnZ2UXtXqAJGUJRGarRpqlVytU1LsCNRkDNudsfrVeo0679NSkmLdswSO3db4LTXiJmH6Hw4gGm3Y02p6Up+HSzXtPElg2Wmuiy2GjBzISBeJ/Ow4W8OJ5Ax9omBSAV1NEZTo1nUSSUBL1bcle9NkvZGEOIxLdr9oNnoM689PNEYqURsNanRIRl3DvZ7uo7C3U3Zm1l3BMThOMscNhDPqOnW6sdTMsQpF16KnlVR0AWgA6Wy+KwwlxOw0AUxzupdY+y0ODxjmYUveTm9rR0bRy4KDwnPD4hjlRUAaXIVhUB3BatRTYR703NKCyqLswGMACyQ078s805xHalPOdDxDzpFPJ3g/aC/rd4J5WaaQEiRY2FdNCaIsNFUKGcmtFQ0ArWwb+15sdK1vdN2j4RV9c7JyGZVEUAwbHFrjs6n29ck0fDz+HBDhGIn2u9G8LTywwRNca9Qxd+fO5XdaCMx0YbswOkahnZLAf6jr5DIee/2QUna7i2o20eJN/QUB7pgsB8OVwyrgXJjul30bV5kCXtpKCg1veOc7kb7u5O59bGHCRNBa0No8gfreqXuxkz3bTnG+pH0qgF4R+HHDrrIT9H3H4rh92Wn4BOp70G9qXwxUdtoI47P8q04yd1f1HXzcUEONfhyuGMRSaY3hFRUxVERp7lJYKK/d0g02FsniY4muJiJH/n5r0TqDGTbID8+uqgPC7w6uvBfPsj8wEOvlZwqiNl1KKFRsWWRwzMdwAK9LVYKQNmDpXDIGjzVeMkdKzZaPorZx44ge0yMqMKnYMCCFHc9+3T1sJjJO8eqGDZbSzI8Suav9qeIqwglhFu7FtReVxXeor5I9OnelJCKCltt2JhjHDtuGbtOn8n2SXFvt9cFVMGuvnFnxyS16Y3CLkFwtFIrRQu9NgQNX503HQ292Be0RnVeX2QBmfQaDld1z4qInwVcJw3SoVVUbdRpFSfXYE+/vb5rQBQV5lLjZOqOcXimveJ5CiiuzN7XfOYWl2ma5QpNJBGsSmqrLMY3neRxVYmjotdLqL3TGE7LQOYFXy+6ZRlxHiJPVS2XPC9esXzSMQlvkvtlDS8LPKkqBlKldaEfy6MRo+oAaBRtQSTEFrvBXVFtiBGaAviH4c37gVifta4pfwxYENJer7MWIpsXMralNBUMzAqBqUgWtixAkOw9otQdHsiwVU8P/iS4xl/L4g9ohlNQy3g3WJ5XIkDaSQsaaGpy3UwazGxAkVirgswx1k0Kkvcd61L4Z+I6HirkuOcQyqzorNG0Mi7soLAMwVDQ1FCwIFKgHayGSaMucHNAokbz7ZI1rHACj7If5gku2K4mzy3ee5ippMAsiddiyXaS9aQetTsoPmA3pnJcPE92XhJ618+6YB72jPNB3iMY8AAYzxG7lWcXgSxyRSIg1PSRCQWArqQ6WXqV6VVDBzRSbBaTdVwN8Pzy0XzpWOFgrNRcUbH8XeZvrSM0hBNdJcl6DpsldC+4AClussaGNDBoAB9FnHGzacbhtwsumEZKillHMlKKzlmYqhZQzKFDRqVUsFBINdzWm1pUgu8s0rDhmcEvV2UiGEBhXeFW2qR3J609bZuXGyiQgHRW922tFOJj4mWmiIegiQ17/cPw372BOLledVEtC//Z'
Krish Naik,https://www.youtube.com/watch?v=FzwJoHawwwI,Raunak Ak,Same problem with  me Krish sir. But I know python ml and java and javascript and R,
Krish Naik,https://www.youtube.com/watch?v=FzwJoHawwwI,Himanshu Singh,Simpli learn Ad coming in Ineuron video. ,
Krish Naik,https://www.youtube.com/watch?v=FzwJoHawwwI,Raunak Ak,My parents is saying try to government job. So I was trying government job but,
Krish Naik,https://www.youtube.com/watch?v=FzwJoHawwwI,Abdullah ansari food 2021,"Sir,i have done bsc(statistics) in 2019,but due to covid i didnt do data science course,now i am doing that.
So due to this 2 years gap would i get the job???
Actually my course has done and internship is  going on.
from mumbai. If will they ask about career gab then how to answer them????",
Krish Naik,https://www.youtube.com/watch?v=FzwJoHawwwI,Amita Sri,Do i have to join your FSDS batch to do the internship ?? I already know data science.,
Krish Naik,https://www.youtube.com/watch?v=FzwJoHawwwI,Rishi Raj,Thanks,b'/9j/4AAQSkZJRgABAQAAAQABAAD/2wCEAAMCAggJDggJDQgGCAgJCwgHCAoICAgIBwYICAYJCAYICAgNDggQCAYIDggFCBYFEQcKCQ4MBwgLGAoLDQYIFQgBAwQEBgUGCgYGCAgLCAoPCggNCAsICA0ODQ0PCA8IDwgICg0ICg0NCBIICAgNCAgUCAgICAgICAgICAgLCAgICP/AABEIAFgAWAMBEQACEQEDEQH/xAAaAAEBAAMBAQAAAAAAAAAAAAAACAUGBwQD/8QAMhAAAQMCBQEECQUBAAAAAAAAAQACAwQRBRITITEHCBRhcQYiIzI0QXSxtDNRUlOBFf/EABoBAQEBAAMBAAAAAAAAAAAAAAAFBAECAwb/xAAuEQEAAQICCAUDBQAAAAAAAAAAAQIDEVEEEjJBcYGhsRQhMcHhQlLxEyJhkdH/2gAMAwEAAhEDEQA/AMIoT6sQEBAQEBAQEBAQEBAQEBAQEBAQEBAQEBAQEBAQEBAQEBAQEGX9EcEFRNS05cWCeaCnLgLlglmbGXAbXIzXtf5LmmMZiOTpXVq0zOWMqqqOw3SNtmxSVt+M0UTb25tdw8Fu8NH3Jfjavt6y8s/Ydp3bR4t637Ogjkv/AI2RtvPfyXHho3VdPlz42d9HX4ca6v8AZ5rsKtI/JPTOOVs0V8rXH3WysO8bjv8ANzTxmus9y1NHDNss6RTc8o8py/xy1eLUICAgICAg2npV8Xhv1dH+XGu9G1HGO7yu7FXCeyi+3vzhXlW/emWvSt3NP0H6uXuk6CctIcC5rmkOaWkhzSDdpBHDhsb8rCqLq9G8YfiOCTSTlr391rQXv3zOpTL3eVx3vI0xREyclzSeSqcTrWvPKUSqP078RTnHXd1Qkpi4ICAgICAg2npV8Xhv1dH+XGu9G1HGO7yu7FXCey7Ou3SChxPuuvWOpdHW07PhZq6mnn9+98umzj+XiFTu24rwxnBDsXqreOrGOOGbmmFdj/BC5o/6U8249Rk9KC/f3dmk2PG1j4heMaPRn1hpnS7mGzH9S9famxqow+kjoaakdFQOa2nknBDmsZ/QG3Ja6Xe9Q7m7huZLjm/M006sR5ZuNFiK69eqf3euHv8ACKlOWRAQEBAQEG09Kvi8N+ro/wAuNd6NqOMd3ld2KuE9lF9vfnCvKt+9MtelbuafoP1cvdJrHkWIJBG4I2II4I8fFYVVdHo7jL6/A55JjqyCkrQXO3L3Umr3d7ib3lGlEdS9y4X+apROta88pQ6o1NIiKc46/lCqmrggICAgICDP9P8AFI4amhme7LFFUU00jrF2SOOoY+R1gCTYBxygE7cFdqJwqiZ/h53ImaZiMpjo7R2ueq2H4kcP7tUa+iKrV9lNFk1DBp/qNjzXyScXtb5XF9F+umrDVnNj0S1Vbx1owxw3wnhZVBVvQrrdhMWHyYdVVBgee9QEGGeUSRVAccwMbJAB7R7chIPq8WIW61cpijVqnPdKVfs1zc16Yx9J9Y3JXqog0uaHNe0EgOaHBsgBsHAODSGu2Ni0O34BWFUh8kciAgICAgICAgICAgICAgICAgICAgICAgICAgICAgICAgICAg//2Q=='
Krish Naik,https://www.youtube.com/watch?v=FzwJoHawwwI,Zaid Siddiqui,"Kiddos to that guy,",b'/9j/4AAQSkZJRgABAQAAAQABAAD/4QAqRXhpZgAASUkqAAgAAAABADEBAgAHAAAAGgAAAAAAAABHb29nbGUAAP/bAIQAAwICCAgHCAgICAgICAgIBwgIBgcICAcICAkHCAgICAoICAYIEggICAgOCAgIFgcICAgVDAoICAsMCggMCAgLCAEDBAQCAgIJAgIJCAICAggICAgICAgICAgICAgICAgICAgICAgICAgICAgICAgICAgICAgICAgICAgICAgICAgI/8AAEQgAWABYAwERAAIRAQMRAf/EABsAAQEBAQADAQAAAAAAAAAAAAAGBQcCAwgB/8QALhAAAgIBAQQJBAMBAAAAAAAAAQIAEQMEBxIhMQUTIkFRYXFykQZDgrFSU8FC/8QAFAEBAAAAAAAAAAAAAAAAAAAAAP/EABQRAQAAAAAAAAAAAAAAAAAAAAD/2gAMAwEAAhEDEQA/APjeAgICAgICAgICAgICAgICAgICAgICAgICAgICAgICAgICAgICAgICAgICAgICAgICAgICAgICAgeOXKFBZiAACSxNAAcySeQHjA5t9SbUGJKabsj+5hbH2qwpR5sCfJYFBs51fWYC7O2TKXbrC7FmXj2QL5LXHh3lvDgFXAxm+q8IQtvLYynEU3l3rGXq7q7r/v0gbMCa2ga3q9MXVymQOnVlWKkneG8OB7QreO6bHAWOUCU6C2pZFIXOoyL/AGKArjzIHZb0G76mB0nQ69MqB8bBlYWGH+94I5UaowPfAQIDab0nkYrpsas1gPkCKWJF0g7Pd2S1e3wgc91HReVBb48ijxZGUfLCB4aPXPjbexsyN/JSQfThzHkYFBp9o+rX7gb3In7UA/NwJl2skniTZJ9YFLm2jas/cC+1E/bKT8QMLXdI5Mrb2R2dvFiTXpfIeQqB+6bovK4tMeRx4ojMPlRAs9m2bLiznE6ZFTKCQHVlAdBvAixQsAjzpfAQOnQEBAGBDdI7L0yZ2cN1WI0RjQWd6u1V8FXka48yKAAgZXTOyp1UthfrK+24Ct+LA0T5EL6wIU4iDVG7rdrjfKq533VAsuhtl2XIobKwwg8Qm7vv+QsBfSz5gVA19FsrCZsbHIMuMNb42XdJoGuRIYXVg1wvn3hfqKFDgByA5CAuAgICAgICBjv9LYjqhqSO2Fqu7e7n9wHD4PMQNiAgICAgICAgICAgICAgICAgICAgICAgICAgIH//2Q=='
Krish Naik,https://www.youtube.com/watch?v=FzwJoHawwwI,Ding Ding,Can you share his profile?,b'/9j/4AAQSkZJRgABAQAAAQABAAD/2wCEAAMCAgcKCwYKCwoKCQcJCAgJDAkKBwkHBwgICQgICAgOCAgGDhINBgcRCAgGBwoICRMUCRUJCAcNGAoIEQgJCQgBAwQEBgUGCgYGCggNCg0UChQLDg0QCBQNDwoICgsIDAgLCAgKCggPCgoKCggPFAoIFA4UCAgICAoICggKCAgIFP/AABEIAFgAWAMBEQACEQEDEQH/xAAbAAEBAAIDAQAAAAAAAAAAAAAACAYJBAUHA//EADEQAAEDAgMECAcBAQAAAAAAAAIAAQMEEQUSIQYHEzEJFEFhcXWxtAgiMjVRUoEkI//EABwBAQACAwEBAQAAAAAAAAAAAAAFBwMEBgIIAf/EADYRAAIBAgIGBwYGAwAAAAAAAAABAgMRBCEFBhIxQXEyUWGBsbLBEzRCcoPDFFJiocLwIiOR/9oADAMBAAIRAxEAPwDyRdWfJgQBAEAQBAEAQBAEAQBAEAQBAEAQBAEAQBAEAQBAEAQBAEAQBAEAQBAEAQBAd3sRs+1TU4fTuTgNRVU8DmzXcGmlCN3Zn5uzFdm7l4nLZi31X/Y28JQVevTot22pQV+rbko37rllVPR54eFs2JSDflmgiG9udsxa9ii/xsvylqS1Hw8eliJLmo+rOtxHo74iZ3p8TYiZn+U6USF37LnDJ8jfx16WNfGP9/4YJ6jRkr0cQnzivGMvQmfevuUxPC5Bjqo7CV8kwPxKea3PhnZtW7QNmPty2dnffp1Y1FeJwGktE4nR09ivHJ7pLOL5P0dn2GCLMQwQBAEAQBAEBmO5r7jgfmVD7qJYqvQlyfgSmivfaHz0vOiouki57PeFf60Sj8D8Xd6lia+b8P8AV+2R/s7tLU00gTQSnBOD3aSM3A21Z7XH6h0a4v8AK/4dScoqSsyr6GIqUJqpSlKMluabv+3Dse/ibDtgMai2nwWeOoEWqxzQmTNbh1cYscMsf6s7FGRC2msoatdQk08PVut3p1F4YKrDWHRcoVkttXTfVUirxqLndZL9Udxrkq6UgIwJnEwIhIX5iQu7Ez992dlOJ3KKlFxbjLet/NZWPiv08BAEAQBAEBmO5r7jgfmVD7qJYqvQlyfgSmivfaHz0vOiouki57PeFf60Sj8D8Xd6lia+b8P9X7ZFilSpy7ejkkfq+Mt2NUQP/XjO/oKh8dvj3lx6iP8A01l2x8GRzvRH/di/46/V+4kUpT6C5LwKt0j73W+ap52YwshHBAEAQBAEBmO5r7jgfmVD7qJYqvQlyfgSmivfaHz0vOiouki57PeFf60Sj8D8Xd6lia+b8P8AV+2RYpUqc2KfCNsq+FYRV1dV/wAuM51hCTZSjp44maLM37kwlIw/VaQGtfRQeJl7Soox5d5eerOGejdHTxGI/wAdq8nfhCKsr9rs3b9SW81847ixTS1ExaHNLJK7NyYpDc3t3XJ1NJWVikq1V1akqj3ybb5ydzgr0YQgCAIAgCAyXdpi8UNbhU0hZYYa6klMspFljjnjM3ygzuVhEnsLOWnJ+Sx1E3FpdT8Df0fVjSxVKpN2jGVNt55KMk27K7yS4dxcO8/e/sBinVut1JS8DicO0GJQ5eLkz34MbZr8OPn+Oy7qJp0q9O+yvLw7y3tI6U0BpDZ/E1G9m+zliV0rX6MV1LeYvgm1m7OjJpoR48wWIWKnrqh2IXuOQa9mjE7s1ifW9tWWRxxMsn/H0zI+jidWsK/aU1tSW66rvNZ5Kqti/bw6zyL4j/izqMVbq8QPTYaxCTgTs81QQvcXmcNBBnZiGIbtmZncisOXZoYZU83mzmNPay1NJL2NNONLq4yazTlbKy/KuObbyJ+W6cSEAQBAEAQBAEAQBAEAQBAEAQBAEAQBAEAQBAEAQBAEAQBAEAQBAEAQBAEAQBAf/9k='
Krish Naik,https://www.youtube.com/watch?v=FzwJoHawwwI,Imran Roshan,Sir,b'/9j/4AAQSkZJRgABAQAAAQABAAD/4QAqRXhpZgAASUkqAAgAAAABADEBAgAHAAAAGgAAAAAAAABHb29nbGUAAP/bAIQAAwICCQsJDQ4LDQoLDw8ICg0KCxAIDQsNCwgNCwoKCg4NCwoKDQgKChANCgoLCw0KCgoLCwsKCgsOCwoNDgoLCwEDBAQGBQYKBgYKEA4LDg8PEBAQEA8ODxAQDg8QDw0NDw8PDg0NDw0NDw8PDQ0QDQ0NDQ0NDQ0NDQ0NDQ0NDQ0N/8AAEQgAWABYAwERAAIRAQMRAf/EABwAAAIDAQEBAQAAAAAAAAAAAAUGBAcIAwkCAP/EAD4QAAIBAwIEBAMFBQYHAQAAAAECEQMSIQAEBQYiMQcTQVEyYXEII0KBoRRSkbHBM0NicoKSJFNzsuHw8Rb/xAAbAQACAwEBAQAAAAAAAAAAAAAEBQIDBgcAAf/EADERAAEEAQMDAgQFBAMAAAAAAAEAAgMRIQQSMQVBURMiYXGBkQYyscHRFCOh8RVC4f/aAAwDAQACEQMRAD8Atqlwam1VStRSPNq9JuYKfwkxa7ArLqQbg8LaT1DnXVJ4nNttAHnFlQcb58IfW4elxR/LMPipdcMLAAx6xMMO/wBNc46hLNCXRtksWKrwlTnZFlQ99wWiFe1sl4XJtTBJnv6yZMgdgCJmMGvfI4MfyOT8FB5a7uuHD66IVV3hv2dnQfv1zYtJbV+IgF5k9IZvRSD0B/TonaKnGy7x5PCNfBshAvJ4R7l3mlEuerUIuQBkWqArqKcLMAgYhhbIiQwJks+6NpnaSExyCu1A9vimMOgkkjG85QjnfnrhlNpYPLIQad0A1SR1RNwcQFVlVbVAOSBp6zp7HPD2t4FfP/SNGgaQQ8hJPEvHemqlUohlagtEx0FEUllNMmEDqxqMPhN7s4hiGDkdN9Rjmk1YpDS6eMCmlNvCuZxuChpMqo6qKtLzVpstci2oq0pBFOSHcrcr4a0Bbjzfq2jl07gSdtEefPOOcJdNA4EOvHhWTtKy1q1gC0zTqPDXKyAqv4ZUVqaPlnCG6WDqYVjoszf1TzpHgN8OBwCBgfW7KDBOSrxfm2hRpgNUuIhQJ6mciQBPr6C49ok+utVN1nR6KKpJAS0AEdyfkrmuFABJXO2722/oBqTBK1NpokkKRUwfLJkjqlfUwSpzkGjRdf0PUBTX0bqjzavj1BjOQs77PavSYXQp8xVZQ01Q3mLIwi9mED2Q4kzdkdVo3mCRtZINIxunIj93JQDnjfCn3LN1ByMg03BgwOxQg2sDBEkx8UYfpWifKTuGRg2s/qInEYHCC1dySKZpsWLM5IiIBKtTxOSRJjB7ASSJcy6SONpDwL+gQMundta0HN5/VMG32dUV5ZQoFKoX+7B6pJJECbhPpBAnt31o+hReq2N5FAE4Wj0kBeWvf2wsieIXiduqO8iizMFDKDljaWZzafQmQoa2VTtByN46McrWl9e0eFXL80u8l2dSSCzD4mbM5M2qBAUDJPUSCWJIjlrBKFc0govwDnyofu2qXiJVahViSMxcCKin5PK/nAJ8OoFkX90PJGQLpXn9mjnQnfLTU0yKoIUMZCtBKMrYsYOFUkAEKxAuOlnWR/UQEN54zXH/AIgZGExlq1jwa7zELOVKhCzmlAp7iFVXCglVpstoQOtzAG2DJ1wTXTzQancSWUbvtfAcP2+CStDi3PZMXEeI0ySAWVyol3qk3EZdgtNfLuIxBZEUgwSdLtVrdI6RwA2yGrec775Ndv2RA45QPc86VB5YRVuQLkCYq3LlnJVbmZVknNvQAFE6LHUHua1jAAI6DT/mz5+qBfJ7valnn9Ki7mojyGmpMwJumcLK5BuhmkLiSe/WJnlsjmnsa/daZuqDgBXZfHLe0S6+ob18t1VWA6kFHpVkn7zL2ElYtBZYDWaS6tselidK0kE4x5PdDzta1pPlHE4XtaVXzLLnCG0kCGqENbAPQFJgAlYAPcDI5g/VzOncJ3W0H7+ElsNuuU28E4oop11th/2QtUBpg3sDUqE9JuKwEAMElQOkALPTuhdUbpy3REZLNwJI55RcUptrfkqh+z74UU9zVq7/AHCqUYutO6LbrypInBgCyZIkEDW09QuG1q2gdtOeU0+IX2buHbogvQp4JIKiwmRGbcn851CyEZTXZKzh4q/YtpU0Z9reLQW8stdMZxOf1/jqTJS05VUkLXN9vKpT7PPLVY8Z2tO0md9QDJE9JqoXkR8NpYtgiJnGjSwuG08Hn5d0oleAD8AV6Yc72JbTQAqgVabtexFOC4QVSpdmhR1F6isEBJBYgck/FQ9OP0IhubeHUTjnbff5/ClmmNsblU3PHH38z4lT4AxLEtawJvC1GE04tUskLJH7wY4MdPY4CR4o4v8AnPb5KD2FKGy5lrCpDq5gHuIyJJhO7QPjBws5AnDn+hFAAcjv3AQp0zw4UOVpXnPlI1qzVVtUlTKlyCarpa3RcULYUDoWAAJYwB1aWb15C49/9JzDTeSqzq8p1zWYED7q4o5wShLoR05YgEkAkwCBiVGkmugkdIIb5/RRnGaJXxT4BXJhGCnKmT2VCGWc95FsegacQdZePo5nleHDDSf8cJS1v9yimPlHhdSrTd3gM1RouYNmFtBU4IJAJU9NnSZHdozpzhqGyyDIr7DsmujY1kzPUyLyvrxb8InrcK29KgqGzbkpTZSQHqC661XQXAtmCDEgRroMDi3IW0LWukd4s/ZIPAfBfie04bWC164qM33CebdZTle193lmJBCkgxPvqxz7duRLWtI2hL3g1y7xP9o++q7lwI8wuwqUnFq3KyuorI/UQrLEMkkMrdUzNbdtIdsW02UU+z54O0//ANPXrBLaVKpXXbzJD7k0SKoX/CoatOYViijIIVjp5WuLWnmkk1+nd6TpBgWtxbnkuiwEjsBEErBEGekgzie+PzMlSaOGWtzQs3WMFUF45cj7QSYyUtoAXLaVMMqgdIpBWwqqiylOSR35R+KRptHUlZde34kcgeP0KJiIIpIPA99TO1sqKrMMK60APuwpMf8ANNRmy1QdRZi0jA1k3dfb6bYXNo3+auBXBUg477tNG75sFNri4OBepIM4CiF7D3FpGckiJ10jSxvlhEgbSQTavY4C+UX5j4jLlJYENn2kBQ8wOrI6s4wIzoidjw8P+CO1chBAHOEH2u7+/YCbojK23oWW54MG4RB+dxzkaKgkjmbba3XnjKvh/uG6yP08ols6tq3ArlgVHqkGACPhn4QQRiCDoJ5D5DXlQv3FwPdSOfPGva7Xa0nrPFxp04CyzVreoKvyhvWBHvpjECcBb+BwLA7uVXG4+1C0U/PoPRpMzjzza4SmuVZkpVGenIjL4wSRGjfSLsNKLc0sG4gqz63ONH9m80FSnkmoGBkMlt0j3kdvnjQ1m6PKqfVbrwv3hluae0Wm7geZVN1Q2mKbuTUrASO5ZbSfigEmFxrPSdeGinFRlwrJo4Wc6jqxM0RRnA5+adOaPGiz+zsiPimSRcoNq5DYLfKUImSNKeofjok1pI8eXc/Qd0k9N3dV/wA08Yq7slFKVJcdRSCAThSV6CAwyFAJtySMDLzTdR/EW6NzgGgjlufNWr4Yd35VX3MvhdXp4LdUAggJCgnq+FkJBYXQQfmzEnT+D8JeoPc8D6d1a/TYyU+1PCtL5NzRWFRhCNdDhmH4FgxGVIHsfXq0ej2R7GGsUljtHEHB3hH+KbGnUrCob1KhhBWQ0zbdYGMiTJHcQDiIVa7p2rkiLWltn6Y+6vdGJDfdQK28qXFmWm0TbDrIbt/eGmbSBMZhogYnXEZfwf8AiDTyOfppME3W4+fkp+m9nKi8d4av7KWClXDSKaEOW6hi1JMmSZDYjMgZ6H+GOj9Rjge7qDvdePgq3wW0VyVRvixxbd8P8qqVDUDVqXMadzUazABgRmA1zOjDFxdSf7O7aaeEPscFaHQSPbEN3a/sqZ5l+0wKiVA4oV1aVCttwptjuWBIOTED+I0yboqySmT+okjam/w64tX3WypIlOrS2tCjRFdiYvtdAEQfEULsGqN28pXEz2J0uga4kg5GUq1mrLYwDi75TsHPcPVXHpXqKAY9lYe401dpYu7B9gswHlcqvFKqg/e7jv2O4qMM/wCZiP01D/jtM7mNv2H8KLpTSi0ubNzSk069RDkyBTMsASD1UyCfr6nV0fS9Kz8kYF8qoalzAdpQ7deK/EWHVX8yRBuo05jt/dqjfro0dNgGQ2kOOoS9za3DzE23FMWk3jBNpg5lpnAiemJ9s5OksYwnElglKFSoQs5+IZmIOe/v6DGe2iBV5UG7rsJh4DypVqgkQomCzdj7gAAkxMegBkToZzs0EUXVyjG68P8AbrTue2q34ZQWn2gAFm9e5tIyQBrzItzsqt8prCrjxT5eUVatIhalOsKbopE2t5KU2SO1sUw6kepZSBALIuoRPiqYcHj6LWdJnbM30SMt/wAgrPu1+yrtA4YUqVMTPwXED/Cp6R/qiJm1u2jen9P1WrALnUw/dU6/qel0pLWMt4+wKurgOzpUaRpoikFSrgqGDU46gwItaVlTiADAAEDXR4dBHCwMZx3Pe+y5rqNZJqX75OfHaku+IPgUyUmr8PVqg7vtPieml1xajku4CgN5OWgt5RaEpaUPrftkx8eylG8xNtmR45Kz/wAa44fLJB/vAv8A3z9CCsEHtJ9ca+hu11FX+oHN3BAN1xloP5Dt7/TRDQEG4krls+MZyR39x8o7mJz8/WMxq75KDccr0M43tu+sXp3dlsNQ3JQThtaUtbFz2z6xjP5f00dJGXOG3lDQOAadys/hsVrVUFaSqsr+834V+g7t7498eez0BXdVAl5+CJ8d2JcoMBA91Ru3SsMqj5EgE/JdRgkDdzv+1UB+6+yAmgOEmcZ5UVvKeFk7iqpb1FD/AIhmycR0UsxiAe0jUJ4/VIjPAo/yidNN6Ac4XZBH8JB3fDpJCyRMD+mQBn8vrraQRtY0UKws1K9zye667Xg0KSfUH/Z+I/nkD5DRDpQTSDEZAUjhPFKlOorISD5IuHoSB6jt6fUTqh8DJYy1/n6qxjyx1tULxT+z3teLI1bbsNpuZBqdM06zwAPNQANkAAVacOLVvFUKE1nXl+ld6cmW9k1axsvvZh3f49lkHmXwU4vSDK+03EhoJRfOWBdJXyizFTKlSVBIk2g40T/URA4coCB5y4JA3fC69LNRKtKJkPTanmcYcCMkfz9NFMkYeCPuhJonBpNL0x4ksr/721iosG1r5chLnlAtafS4j/MFZ/pOM/8A3TWN/uBQe32lWryRuQaIHtJOfmQuPoI/0z66hqrLyVVHxS5c10gwhgRJ6fvOot/hVf1JIUDJI7i7THZ7m5VMwvBSvx+hASktRmADFyWHrEKD6L7wT65OmkHuLpXtrwgpDVMBXIcLVBmOxgA95+nb2k/kNXeq5+AobQ0IfzDWHlH3aR9AFOB+midO23qiQ4+aV33OTH0H8R/TR5eGhUNaSinAeY2o3MD1RC+2ckn0MRifXQk7Wz1u4tXR7orIVe+NvE9ydudxRq1VqUssRUYTRJAqBgGAYLPmgn4ArgQrODRqdJGI8BThmduyqK2/2keMIM1w4H4XoI8iPe24n6kH56RPhZfCcNcaW4jTwR9f4aQB2U4pLbGKnzgg/wCxh/4+umUJ9wQ72+wp95W4ytPaz6+Ywie5gfngR+miXRGWWhwgi4NbaV+OcevMDLOQrGe1MmAg9rj3j8AP72nEemDOfyj9UrfISfip20rIGMrkALmCJyxMzObo+gGoua88HBXgAOUM4pxXvEaNhgvlUPfSWN/xAt29+31BB0fiJDC34XOjQz9dLppbR8bKXZ9vqgSWaUzH3UM7bupAIIIYHsVOCD6EEEgg4IkaYteHCigyynArE+1pW1CD2W4EfMG0+5PbuZ9NZrWAhtjynMJG+l6FbDeFvcYIiMwrsJ94YAHt2Os66NzDTk+Y9rxbSlbdcWiqPnVVR8lYwv6/z0wh/MFXKPYUc3GVAnCh2OfcL/MhV+p0+gdtN+UgmF0hnCgfME+hkn5xH6dvlB04cbbSXDlfe9480t/1Gz75MfpA16NjWgFec/NIVud6dGtcKwhHDK5UDnQkxtXRUERbuv8AnM/7Wif4/wAY0nfgpsyiFJqDUGml5wUesuiYyUK8ALHfM2wC7msvZhXqg+hzULfqIYe4I9NZ7Ul9kHi05jaz8w5pf//Z'
Krish Naik,https://www.youtube.com/watch?v=FzwJoHawwwI,Raunak Ak,Can I join ur company,b'/9j/4AAQSkZJRgABAQAAAQABAAD/2wCEAAMCAgsKCwsMDQ0PCQkKDQsLCwoNCwkLCwoNCg0OCwsNCBEJCw4KCg0ICwsKCwoKCgoLCgsKCgsLDQoKDQoKCgoBAwQEBgUGCgYGChANCw0PEBIQEBAQDw8PDxUPDQ8QDxAODw4PDw8QDw0PDw4PDQ0NDw8NDQ0NEA0NDQ0NDQ0NDv/AABEIAFgAWAMBEQACEQEDEQH/xAAdAAACAwEBAQEBAAAAAAAAAAAGBwQFCAMJAgEA/8QAOxAAAgIABAMGBAUCAwkAAAAAAQIDEQAEEiEFMUEGBxMiUWEIIzJxFEKBkfBToTNy4SRSYmOxssHS8f/EABwBAAIDAQEBAQAAAAAAAAAAAAMFAgQGAQcACP/EAD4RAAEDAgMDCgMFBgcAAAAAAAEAAhEDIQQSMQVBURMyQmFxgaGxwdEikfAjUnKC4QYUM1NisxUkQ6KywvH/2gAMAwEAAhEDEQA/ANo8F74y9BZ4cwOgkXSd9ttPMkE7n15YYFg3iEpkxYrzW7bdiEmzLS6fDZpGd9Km2LsW3rnd0GYb0N+WNLUqxlygSBGo3Wm8DuF1maTfhc15MEk6aTeBEnvsFC4b2UygkJpC6lrDSxEg7galZrG4H5fuOeAVS91T7G9mk5QSZtMZWnr1I0tqptdko/5iwJcBmIAi8E5nDdFgCb3Vl2jzSu60yFAQSAOVXsCAAb26kbbEDFijg8WwfC13eevX4iOvQb1UfjsGZzuZfhfdpLAerfaEE9u8+iSR/PjRSev4lGoE2ATl/D5ctTgWa5YvY3Eupluam4D8h8nk+Cr7Mwzaodle0nseB4tCl9nePa9LRyrNCGTVYp0N2QxXyihRFj03I3xF9QOYcrgbab1cw9HJXZyjC2HC/R1GpRn2ozwKqGXXG1tugZQaW7BFEk2QyDb15HFDDAmcwNlotsEMyOpwJJ0iDpCrewOfhy2agnS/kTQzeGDqDeE4k0+Y6hq00TrNXenpixUphzSAdRHzCTsxDgQXNXox2X+ODIyKLEgY0DETEGF8ypkMaNX+6HYnpuNLZx+zag0I+vmtDT2gx2qd/Du8XJyp4izxqtWSZEQjp5w5Fb7bj7HC11F7TBBTAVGOEgq/ikBAIplO4Ybgj1FevteByuFgK8COE95syEUQOhKmRCb220OEBN/0yv8AwYsNxTnQ1wB7V6FiP2XwzQXsLmmDvt5J6x9zcjQCcyKNUP4ijJvRXXX0Hzb7Lqu8bF+0cbTxHIU2UwwOyzeYmJsYn1XhTNkbJqYMYmvVrOq5MxHw5c2WYuJyzbWYSaXJEjWXOq9P0qOTVW4Jq7o3uNxzxphRJaauYzMeKxZrhrxQ5MQROpMSEcLxJQKAw65NZgVLoB71+DNN5Y0aWQIzKiIzuemwQEncjpjN7Xa0MlbX9nXvNWNx+vqVE7H9g4kykgmzLw8RgEjpklBkkdmUmGOARyUWnsrKpjk8pN1HRGIOSM+eHXhsa2+uxelOqVWv5NtDMwxL80ZL3kRw0mMxSu4f2szWXJTU8TKRqjbUpW991kG1ijuBYIPKsHbXc3Qqu/C0zzmhFXDO9FyQXQOR1HlY/tty9sWBiJjMqpwgHNJHimR2T70IWNHVFZ2BuRTQ60Cw67Dp1GLLKrDrZVH4eq3S/gUZ8Q7VsmhocwNOklkQkgqoLFXRrWmYKPNYs3tWDmm1/MIKA2s6nzwR29aencP8Z0uRpGjV4nCjQrsijnuiMREhNm/CVA35iaWltfCU6utjx3plSxNRl23CwZDwCZXQNG66nRQSjBbZgoBJGkWTQs4yww1Wk5pqMIEi8W1XvjtuYDFU3toVmudldAmDzSbAwU+ou4HNfV+GNjzXrj6b3/iV749Uz7OzcpIzTPS1lfjw4DaMZcttOj7q0XuZzpUHwGo6Tzj9q/NhmNo4TKPjHyPsqZ2Vjg6ch37xw7V3bufzv9B/3T/2wc7Twv8AMHiq/wDg2N/lnw90nO+zis2XjKxHdhG0sqXcYbZUc6qBbUpjHhczIRIxChMBtHGfvNWRzRpO++vf5L1TY+zv3KiA7nuuY3W07B5pTca4g08qyVpLgEbnS2hiA3m3+WQQ1t5SDuavCqN6fSbhf3ajtG2bZpCSzRnSGO5Mf5QSfMdB+nUNwxOxDDEZhdIlV3DJf1/f06UcdBQyFcQ5i6Hv/OeCNdCGQjHsUzXIALIiY0WRRRcb27BfQAAkknYHDnBOguceCR7RYXhjR970KORwGZipC2CEAoqegHQ+vpiNWXvkaWUsO9lJha43EkqXL2rvwlRlIaaBdvBYsGlQEf4ZNKDdK60dzqpdKvF1mOkZp5sX4uI3aptszC1WVW5mkc8mx3Mka6eq2dwvOnQ1mgEb1vkTY9fYe3W8dHNVQ6qyznGtCRbVqeJdJqxbDY9LFEHerH2OOEwFNskkLpx3jJAUA0WcAnbYBWc10vygb+t9BivXc6AGmJOvcTb5KxQAkkiYHqB6rDPxI9mZFhIACtJKlwqWdCQVCeD4rNIi/JLrF4jafEKg7BRQoPNQwdQSPknWIFMXp2BA18VnrLZeQlE0kOA6AFa80pKi9uQJsneqOLdR5YC4jQT8lTbldAB1RPxvi+TDfh9Eiwwkq/hyojSyJaPJ83LStUhXUEMmlQQAq0AFzKld9MOkSQDcExInUEeSv1G0GvIaDAtrvGv1K6ZdOGUK/Frqvfxck42ocmy8e97jzjYdMfA4uf8AT/3j3QnChuzeHuuOT4RlGNDMyxg8teTh6nqYuIMb356BfoMWuVqt1YD2P92BD5OmekR3exTe7g+76GXNShcyJI4oHZ6imRxpKVYkUwlSSCdE7uPpCHchnhNoVKDg4092ktPr6JRjdmsxVPk+Ui8ggH1BCdnZfsXks5Koy+cSVyDNGpykwkZF2LjkRpcMp2BBF9aw1G1qbiCaJB+upITsKs0ForyI9fxeiyfwrgAjeJlbeOQSLYBsqUIuunl3xlqWzG8tGY2y+ZXp2K/ayq6g+aTZc0jU2sfdaA4b3/TqjBkR9SkWNSHcEdS3r6Y9BdsanllriPkV4o3b1XMA5gPZI90V5j4nEVVaSMxqjazpYyXV7KBGDZ5gEVfXlijitkmi3Pnkdn/qYYLbQxDyzIQY4j1hXeS+IbLzBHIdADrOpL2Kso+gnqVse5wrr7NrfZlsEEmN3Qcd/YU0o7Zw45RrpBaL2nptG7rISp73e1sOYmyRRtYfMBCNLLvFE7tetRyMkdcudg7GkjMLUoYp7agjmu1B1BH/AEKejG0sRhwaRnUaEaEcR/UEM8by6DOOpACQKjMaF67Niq9Ctb7k+2/cXWik4nSDbuRsHRBe2dZCzH2ge55vaWX/AL2GKlH+Gz8LfIJhVHxO7T5rspIRPTSb9N3bn+lYshAUnhjedfYg/tv/AOMSXE3O5PtR+HGfk1UTk8yiiidT0mkHbYPR8xoDT7jFltEvBcOiL/XUqLsQKbmsPSNu39UzPhM7RxwZ1ZHOlI8jMDQY07zBhyHWMMb9654LRpuqWbqo4is2kJeonbnuBfJo7PmXd41LrEvCs1okZd9Amabwl1nbWVOkGyhqivo4zJVDj94dekItTB8pRLRwI1G+dyXea7Uoqm7Q1+YEf3IrHoZ2xh3MMG/BeaDYmKDxmbInWQpkPFVdYtw5bnyO+k3dbDfFtuIZVZTbIJPsVSqYZ9F9Z2UtA073DerUZjSrD2/bcHf22xzFt/hRuef7bwgYT4jVPFg/u01Y9hAkpbxGA/DvHOrDYrqjlR6v1qMYwu05bi6b/vU3N+Ra4eBevRNkQcO9g0DwfnIPiGpcR9o/Fhkma/FzOay+geiJNqAP2jiQb9R71hRiqZNA9jvJaTDvDa0dYSx4/kT48/IDxZtyf+YcQoD7Jn4W/wDEI9Vwzu7T5r7zeW+kWNkT9djyrBmoZMKVwzJ7k3YUH8pH1Aj81eu2JFRzIs7t+NrA0jMDJewVSpvk1tpbYCjdkYb4SsKLi93BI8fhjiAGMR5wLtTNGv8Agv4WklmIADU5dmB56a2NdLwWnjMgH1qZQ6mAzudfWOO4QF89hfjM4jlhHqmbNR0dUc6owUKaUiSzmXZx9TOxAOw8Q2wzZDXaiFpSzgi6H4wuH5st+M4bA7Gx4iMC9H0MkKEeticG96GIHSA4rgw95i6jyydm8z8xDmeGy7gUDMhra/8AZmlkNctyDX5RgtOvUpkEHTuQ6uC5UFpg9v6qPlO7SKShHxKBhIdKiV1RwOYLRz+DIxagujVqGq6OkgsztSq6JMwZv2EeqUDYjG5iGRaPh7QesblWZfu0XJ/i0bORSvIqWE8TTBobUFc/MUtLq0hIjIFIokXhVWrZ69N5/q8WkWvom1OhFJ7AINr8YdNzA4IO4BwWBiiSSMiwOpXSniAkUEJDFKoWCdQNdGvB8RXaaZadIPko0aDw8OGsjzRVneC8EBkcyzzMZJQ5RIsuiyA2ykzuS1E/UgKmjv0xSpYiKbAB0Rx4K0/DuL3OLt580N9lO33DYYVE0K5nMebW/jzBT5jopIFOmk0g3K1tZsXQI2q8WauGgw3JUjjHeXFcLx5OKJIi0gqIv4w0N5ZvxMzmQKDrCsgFqD7Ylyjnb1MUms3L44r395meExgJHDOPDaNYsui6HYoQRDCtCgTzP3644CZuVINaNAu/a/t3mH+X40jIQAQzsV0kb/WStVtQHLHGgqZjgkTmeFyKxseU3TA2rC6BB6g0asDbesSDeAQjVJ1K/MjACff0/m/74i5sIrH3RJnM7qjWPSBp5t1NCh9qAF77nfblgRCs0yA4ldMirjTTEC/MNRqq6DlzrHDorHBX8vGnjy2ZIbz/ACNyAfqkI+3JeVYoVB9tS/N5BQqmz/y+ZXfu6JkYajZLRFm+zb8vXE8YctMkcD5KOGGZwHZ5oT7wY2VzEBq87SMQDWpttt9qo2T64s0fiaHdQVeqIJCochwNz0o/a/8Apt+l/pi0BZARvlYpW0g6dCilIsbMumzzsgE7bC8DiEWZsrSLgwoDktVQVLPW7IsVfSueJBxX0Dcrg8PUiq8z0AtC2J8qihuTyA6n74+CkATolNn4WzE4YhoxmG1LrJbQhYiwSF1rEFYAqFHkKgCqHwdAsq0I84D2CgzMgTKhllUglZ50AzEQPmZWESiB02tT4isjFgFaMpLOY5y5PBEfbTuXGXhMy5hZWUkSwCOvC1HYK+thIIwVHmC2tvqNhBNmU6oRqPboEvuEHVftgNQQbJphXEi6m8fzASIgqHMrwgWw5IJi2wOryFo7sUdS7+tKJqt6gfEt9iiVryeMeEqf2QDKQQBvV+gA32/tidZocIKhRlpkKN2oy+qWzz57D139dufocTp2bCi9suV1BmV8MLQBHWht9/0/Trg2YrgpiJR73adwfEuIUcvlpJI2o/iJKiy4BFgxvKVWQbb+CXI2sC8BfVayxKu08DVqXAWoO7H4AFYK2cnZ2FaoMqpRL5lWlmXS4rYhEQ86e6IrHEHcExp7Nb0ytQd3PcJksgby8EcD1pMmlZZyOYHiygyUN/KxYelYA6oXa3+uCYtoNpD4RC8RslmdDKDvGpOxs6A1a2jHQsB5q+oDcciHzgCvPhKuuHzNAZCdSkxSIrrdanFIQeouiK57YCTKJlQ6motuSxO9m7H77j3xFF60RdmslR9z+/8ArjhurDHhm5fnHuzrSShhWlQBZNev64iEV8OMhF3Y7gE0oqKJ5qNM6IzRoaBqRwNCbbjWwJBGBuIm6Kyi83aE5e7H4V5847GYSBdvl5dUkcAivmPIRFDyJDFJg24oc8QfUy6eP6JlQwGcy89w1W1O7X4R8hkzHJHl1SZaJefRmpAaokax4cL7kFsuQp6qeQXGq91ibdVk7p0KNISG367p3xcCXr5/82425UBSCuhC3iGXgjmpNirGKE/6/wD3EgENxbqrjhvB2fkDXrWDNbKV18Synqb8F4CDguqq3Bw9lYwNhWb8Lk0qh1eGKZUJbRuoIIHK2Vl35198RKmAp3Z3sBNO4SON5nP0pHHJLJXWggLkfewPbngBICuU2F9gFo/u4+AHiWZKtNo4fHVfM+ZN7ERwtpph/UnjcdV6YpuxTRpdOKWzXOEugLUfYT4BOE5emljbPyj807kx+tCKPTCR7SrKaOkswvFN1Z7+pMaeGpU4tKf/AAngyxKEVVSNRQRVVFA9FVQAB7YrAHemb3AiGr7yfA4470Iserc6FVdX+bSN6vmbwS6GJCsEhv2++JBRJA1urHKcIZuX8/nrgoaSqNTEsZqr7Idmh+Y37Db9/wCfrggYk9bHOdZlkRZGQLQqgOg5f3wYGEodJMlf/9k='
Krish Naik,https://www.youtube.com/watch?v=FzwJoHawwwI,Imran Roshan,How a can become Ai expert where from i have to start,b'/9j/4AAQSkZJRgABAQAAAQABAAD/4QAqRXhpZgAASUkqAAgAAAABADEBAgAHAAAAGgAAAAAAAABHb29nbGUAAP/bAIQAAwICCQsJDQ4LDQoLDw8ICg0KCxAIDQsNCwgNCwoKCg4NCwoKDQgKChANCgoLCw0KCgoLCwsKCgsOCwoNDgoLCwEDBAQGBQYKBgYKEA4LDg8PEBAQEA8ODxAQDg8QDw0NDw8PDg0NDw0NDw8PDQ0QDQ0NDQ0NDQ0NDQ0NDQ0NDQ0N/8AAEQgAWABYAwERAAIRAQMRAf/EABwAAAIDAQEBAQAAAAAAAAAAAAUGBAcIAwkCAP/EAD4QAAIBAwIEBAMFBQYHAQAAAAECEQMSIQAEBQYiMQcTQVEyYXEII0KBoRRSkbHBM0NicoKSJFNzsuHw8Rb/xAAbAQACAwEBAQAAAAAAAAAAAAAEBQIDBgcAAf/EADERAAEEAQMDAgQFBAMAAAAAAAEAAgMRIQQSMQVBURMiYXGBkQYyscHRFCOh8RVC4f/aAAwDAQACEQMRAD8Atqlwam1VStRSPNq9JuYKfwkxa7ArLqQbg8LaT1DnXVJ4nNttAHnFlQcb58IfW4elxR/LMPipdcMLAAx6xMMO/wBNc46hLNCXRtksWKrwlTnZFlQ99wWiFe1sl4XJtTBJnv6yZMgdgCJmMGvfI4MfyOT8FB5a7uuHD66IVV3hv2dnQfv1zYtJbV+IgF5k9IZvRSD0B/TonaKnGy7x5PCNfBshAvJ4R7l3mlEuerUIuQBkWqArqKcLMAgYhhbIiQwJks+6NpnaSExyCu1A9vimMOgkkjG85QjnfnrhlNpYPLIQad0A1SR1RNwcQFVlVbVAOSBp6zp7HPD2t4FfP/SNGgaQQ8hJPEvHemqlUohlagtEx0FEUllNMmEDqxqMPhN7s4hiGDkdN9Rjmk1YpDS6eMCmlNvCuZxuChpMqo6qKtLzVpstci2oq0pBFOSHcrcr4a0Bbjzfq2jl07gSdtEefPOOcJdNA4EOvHhWTtKy1q1gC0zTqPDXKyAqv4ZUVqaPlnCG6WDqYVjoszf1TzpHgN8OBwCBgfW7KDBOSrxfm2hRpgNUuIhQJ6mciQBPr6C49ok+utVN1nR6KKpJAS0AEdyfkrmuFABJXO2722/oBqTBK1NpokkKRUwfLJkjqlfUwSpzkGjRdf0PUBTX0bqjzavj1BjOQs77PavSYXQp8xVZQ01Q3mLIwi9mED2Q4kzdkdVo3mCRtZINIxunIj93JQDnjfCn3LN1ByMg03BgwOxQg2sDBEkx8UYfpWifKTuGRg2s/qInEYHCC1dySKZpsWLM5IiIBKtTxOSRJjB7ASSJcy6SONpDwL+gQMundta0HN5/VMG32dUV5ZQoFKoX+7B6pJJECbhPpBAnt31o+hReq2N5FAE4Wj0kBeWvf2wsieIXiduqO8iizMFDKDljaWZzafQmQoa2VTtByN46McrWl9e0eFXL80u8l2dSSCzD4mbM5M2qBAUDJPUSCWJIjlrBKFc0govwDnyofu2qXiJVahViSMxcCKin5PK/nAJ8OoFkX90PJGQLpXn9mjnQnfLTU0yKoIUMZCtBKMrYsYOFUkAEKxAuOlnWR/UQEN54zXH/AIgZGExlq1jwa7zELOVKhCzmlAp7iFVXCglVpstoQOtzAG2DJ1wTXTzQancSWUbvtfAcP2+CStDi3PZMXEeI0ySAWVyol3qk3EZdgtNfLuIxBZEUgwSdLtVrdI6RwA2yGrec775Ndv2RA45QPc86VB5YRVuQLkCYq3LlnJVbmZVknNvQAFE6LHUHua1jAAI6DT/mz5+qBfJ7valnn9Ki7mojyGmpMwJumcLK5BuhmkLiSe/WJnlsjmnsa/daZuqDgBXZfHLe0S6+ob18t1VWA6kFHpVkn7zL2ElYtBZYDWaS6tselidK0kE4x5PdDzta1pPlHE4XtaVXzLLnCG0kCGqENbAPQFJgAlYAPcDI5g/VzOncJ3W0H7+ElsNuuU28E4oop11th/2QtUBpg3sDUqE9JuKwEAMElQOkALPTuhdUbpy3REZLNwJI55RcUptrfkqh+z74UU9zVq7/AHCqUYutO6LbrypInBgCyZIkEDW09QuG1q2gdtOeU0+IX2buHbogvQp4JIKiwmRGbcn851CyEZTXZKzh4q/YtpU0Z9reLQW8stdMZxOf1/jqTJS05VUkLXN9vKpT7PPLVY8Z2tO0md9QDJE9JqoXkR8NpYtgiJnGjSwuG08Hn5d0oleAD8AV6Yc72JbTQAqgVabtexFOC4QVSpdmhR1F6isEBJBYgck/FQ9OP0IhubeHUTjnbff5/ClmmNsblU3PHH38z4lT4AxLEtawJvC1GE04tUskLJH7wY4MdPY4CR4o4v8AnPb5KD2FKGy5lrCpDq5gHuIyJJhO7QPjBws5AnDn+hFAAcjv3AQp0zw4UOVpXnPlI1qzVVtUlTKlyCarpa3RcULYUDoWAAJYwB1aWb15C49/9JzDTeSqzq8p1zWYED7q4o5wShLoR05YgEkAkwCBiVGkmugkdIIb5/RRnGaJXxT4BXJhGCnKmT2VCGWc95FsegacQdZePo5nleHDDSf8cJS1v9yimPlHhdSrTd3gM1RouYNmFtBU4IJAJU9NnSZHdozpzhqGyyDIr7DsmujY1kzPUyLyvrxb8InrcK29KgqGzbkpTZSQHqC661XQXAtmCDEgRroMDi3IW0LWukd4s/ZIPAfBfie04bWC164qM33CebdZTle193lmJBCkgxPvqxz7duRLWtI2hL3g1y7xP9o++q7lwI8wuwqUnFq3KyuorI/UQrLEMkkMrdUzNbdtIdsW02UU+z54O0//ANPXrBLaVKpXXbzJD7k0SKoX/CoatOYViijIIVjp5WuLWnmkk1+nd6TpBgWtxbnkuiwEjsBEErBEGekgzie+PzMlSaOGWtzQs3WMFUF45cj7QSYyUtoAXLaVMMqgdIpBWwqqiylOSR35R+KRptHUlZde34kcgeP0KJiIIpIPA99TO1sqKrMMK60APuwpMf8ANNRmy1QdRZi0jA1k3dfb6bYXNo3+auBXBUg477tNG75sFNri4OBepIM4CiF7D3FpGckiJ10jSxvlhEgbSQTavY4C+UX5j4jLlJYENn2kBQ8wOrI6s4wIzoidjw8P+CO1chBAHOEH2u7+/YCbojK23oWW54MG4RB+dxzkaKgkjmbba3XnjKvh/uG6yP08ols6tq3ArlgVHqkGACPhn4QQRiCDoJ5D5DXlQv3FwPdSOfPGva7Xa0nrPFxp04CyzVreoKvyhvWBHvpjECcBb+BwLA7uVXG4+1C0U/PoPRpMzjzza4SmuVZkpVGenIjL4wSRGjfSLsNKLc0sG4gqz63ONH9m80FSnkmoGBkMlt0j3kdvnjQ1m6PKqfVbrwv3hluae0Wm7geZVN1Q2mKbuTUrASO5ZbSfigEmFxrPSdeGinFRlwrJo4Wc6jqxM0RRnA5+adOaPGiz+zsiPimSRcoNq5DYLfKUImSNKeofjok1pI8eXc/Qd0k9N3dV/wA08Yq7slFKVJcdRSCAThSV6CAwyFAJtySMDLzTdR/EW6NzgGgjlufNWr4Yd35VX3MvhdXp4LdUAggJCgnq+FkJBYXQQfmzEnT+D8JeoPc8D6d1a/TYyU+1PCtL5NzRWFRhCNdDhmH4FgxGVIHsfXq0ej2R7GGsUljtHEHB3hH+KbGnUrCob1KhhBWQ0zbdYGMiTJHcQDiIVa7p2rkiLWltn6Y+6vdGJDfdQK28qXFmWm0TbDrIbt/eGmbSBMZhogYnXEZfwf8AiDTyOfppME3W4+fkp+m9nKi8d4av7KWClXDSKaEOW6hi1JMmSZDYjMgZ6H+GOj9Rjge7qDvdePgq3wW0VyVRvixxbd8P8qqVDUDVqXMadzUazABgRmA1zOjDFxdSf7O7aaeEPscFaHQSPbEN3a/sqZ5l+0wKiVA4oV1aVCttwptjuWBIOTED+I0yboqySmT+okjam/w64tX3WypIlOrS2tCjRFdiYvtdAEQfEULsGqN28pXEz2J0uga4kg5GUq1mrLYwDi75TsHPcPVXHpXqKAY9lYe401dpYu7B9gswHlcqvFKqg/e7jv2O4qMM/wCZiP01D/jtM7mNv2H8KLpTSi0ubNzSk069RDkyBTMsASD1UyCfr6nV0fS9Kz8kYF8qoalzAdpQ7deK/EWHVX8yRBuo05jt/dqjfro0dNgGQ2kOOoS9za3DzE23FMWk3jBNpg5lpnAiemJ9s5OksYwnElglKFSoQs5+IZmIOe/v6DGe2iBV5UG7rsJh4DypVqgkQomCzdj7gAAkxMegBkToZzs0EUXVyjG68P8AbrTue2q34ZQWn2gAFm9e5tIyQBrzItzsqt8prCrjxT5eUVatIhalOsKbopE2t5KU2SO1sUw6kepZSBALIuoRPiqYcHj6LWdJnbM30SMt/wAgrPu1+yrtA4YUqVMTPwXED/Cp6R/qiJm1u2jen9P1WrALnUw/dU6/qel0pLWMt4+wKurgOzpUaRpoikFSrgqGDU46gwItaVlTiADAAEDXR4dBHCwMZx3Pe+y5rqNZJqX75OfHaku+IPgUyUmr8PVqg7vtPieml1xajku4CgN5OWgt5RaEpaUPrftkx8eylG8xNtmR45Kz/wAa44fLJB/vAv8A3z9CCsEHtJ9ca+hu11FX+oHN3BAN1xloP5Dt7/TRDQEG4krls+MZyR39x8o7mJz8/WMxq75KDccr0M43tu+sXp3dlsNQ3JQThtaUtbFz2z6xjP5f00dJGXOG3lDQOAadys/hsVrVUFaSqsr+834V+g7t7498eez0BXdVAl5+CJ8d2JcoMBA91Ru3SsMqj5EgE/JdRgkDdzv+1UB+6+yAmgOEmcZ5UVvKeFk7iqpb1FD/AIhmycR0UsxiAe0jUJ4/VIjPAo/yidNN6Ac4XZBH8JB3fDpJCyRMD+mQBn8vrraQRtY0UKws1K9zye667Xg0KSfUH/Z+I/nkD5DRDpQTSDEZAUjhPFKlOorISD5IuHoSB6jt6fUTqh8DJYy1/n6qxjyx1tULxT+z3teLI1bbsNpuZBqdM06zwAPNQANkAAVacOLVvFUKE1nXl+ld6cmW9k1axsvvZh3f49lkHmXwU4vSDK+03EhoJRfOWBdJXyizFTKlSVBIk2g40T/URA4coCB5y4JA3fC69LNRKtKJkPTanmcYcCMkfz9NFMkYeCPuhJonBpNL0x4ksr/721iosG1r5chLnlAtafS4j/MFZ/pOM/8A3TWN/uBQe32lWryRuQaIHtJOfmQuPoI/0z66hqrLyVVHxS5c10gwhgRJ6fvOot/hVf1JIUDJI7i7THZ7m5VMwvBSvx+hASktRmADFyWHrEKD6L7wT65OmkHuLpXtrwgpDVMBXIcLVBmOxgA95+nb2k/kNXeq5+AobQ0IfzDWHlH3aR9AFOB+midO23qiQ4+aV33OTH0H8R/TR5eGhUNaSinAeY2o3MD1RC+2ckn0MRifXQk7Wz1u4tXR7orIVe+NvE9ydudxRq1VqUssRUYTRJAqBgGAYLPmgn4ArgQrODRqdJGI8BThmduyqK2/2keMIM1w4H4XoI8iPe24n6kH56RPhZfCcNcaW4jTwR9f4aQB2U4pLbGKnzgg/wCxh/4+umUJ9wQ72+wp95W4ytPaz6+Ywie5gfngR+miXRGWWhwgi4NbaV+OcevMDLOQrGe1MmAg9rj3j8AP72nEemDOfyj9UrfISfip20rIGMrkALmCJyxMzObo+gGoua88HBXgAOUM4pxXvEaNhgvlUPfSWN/xAt29+31BB0fiJDC34XOjQz9dLppbR8bKXZ9vqgSWaUzH3UM7bupAIIIYHsVOCD6EEEgg4IkaYteHCigyynArE+1pW1CD2W4EfMG0+5PbuZ9NZrWAhtjynMJG+l6FbDeFvcYIiMwrsJ94YAHt2Os66NzDTk+Y9rxbSlbdcWiqPnVVR8lYwv6/z0wh/MFXKPYUc3GVAnCh2OfcL/MhV+p0+gdtN+UgmF0hnCgfME+hkn5xH6dvlB04cbbSXDlfe9480t/1Gz75MfpA16NjWgFec/NIVud6dGtcKwhHDK5UDnQkxtXRUERbuv8AnM/7Wif4/wAY0nfgpsyiFJqDUGml5wUesuiYyUK8ALHfM2wC7msvZhXqg+hzULfqIYe4I9NZ7Ul9kHi05jaz8w5pf//Z'
Krish Naik,https://www.youtube.com/watch?v=FzwJoHawwwI,Nawal Kishor,1st,b'/9j/4AAQSkZJRgABAQAAAQABAAD/4QAqRXhpZgAASUkqAAgAAAABADEBAgAHAAAAGgAAAAAAAABHb29nbGUAAP/bAIQAAwICCgoNCgoLCw0NDQ4QCw0PCwsNCwsNDg4IDQ0LCggKCw0JCgoKDgoQDQsIDQoICgkJChAKCg8NEAoNCgoLDQEDBAQGBQYKBgYKEA4LDRANDw8PDg0NDQ0ODQ4PDQ0NDQ8NDQ4NDQ0PDQ0NDQ0NDQ0NDQ0NDQ0NDQ4NDQ0PDQ0N/8AAEQgAWABYAwERAAIRAQMRAf/EABwAAAIDAAMBAAAAAAAAAAAAAAYHBAUIAQIDCf/EADwQAAICAAQDBQYEAwcFAAAAAAECAxEABBIhBQYxBxMiQVEIIzJhcYEUQsHwUpGxFTNykqHR4SWCk7Px/8QAGgEAAgMBAQAAAAAAAAAAAAAAAwQBAgUABv/EAC4RAAICAgECBAQFBQAAAAAAAAABAhEDIRIEMSJBUWETcYGhBRQzkcEyQrHw8f/aAAwDAQACEQMRAD8AQnZRCj5PKMAD7tRdeaEqw+xFY8Z12s0j3HRfox+QSnh6+g/ljPv0Hj3y2W0hlUsAfiVSVBroWAYA15WDWOtkESXgKEhq3G4Pp9PTFviTSq2U4QbuhN9qnHJZpnycavKQEL3qc2w1JGLNKANO7HSNVCqONzo48ILLklSfazL6ycs2R44xtqr+p27OeAZrIziGaLukzYUKylX8eX94qORYTqXqrO3odNeqywz43LFLcNu/T2/Yp0/Ty6bLH4sdS7NP0/6P6PIlr1eK0WMhqYaYwirp1W0ZAjRdURQ1qB2dwfMPJLubygl6iu45wtcvmlCW3dQkBBrBJdygGpdLCi7eM6gCPSRDjf6abljbMnNFRy6L7ls++hgQKJZWeWSlQMj6S5hWYnvQSESQrqYRkllAbWMMt6+Zd9rHByXm5ZgZnglh0uYysk+YVtQb3jxrHM2WLMDqaZllDMR1HgC81wfid/IW5prsXvD+XA2YCqWKABvFqBCkSszd4HcsXqPUNSKNSEglqxWLV2gkP02xD9iOTb8FlQ4F6dq/hYlozsdiVKk/O8T+IfrMnof0YhqcivpjNo0LOP7PHz/n/wAY6juR1kyKjq1fWsVdHJg7neACORsxG+h2CBnChrERPhrfqGqxuANr6YbhkuHw2tbr6l8UfE5J03V+6RdvkkmZH1M9OXQyitAaN0UAatzTmzQ36i1BVCUpQ8HbVP3HskY1b32r2L7K8POEn2AJg72kcMEEf4uNQJX0RmUBidDgOV1EkKLRCpK+FgpWmojc6duL43oznFTnsDuxzKocyjAFSA567bqVo9D5gi9Q67AgEPXRTLqBpl30RRqGql1kOPDcni+IbAWVUAEdL63hXLsyrOOVge8zEvhPQDT0ACxp5ENRMbmn1fECCiswk6Ov2H01wSLDi/s4yEuYczFRrTH3JjRaULp1LI9WV1EiPqzGtqJM2Jt2yuLOoqqJfZZ7OAkZzn5CtMAsUDAhlABMjSaSdLXpVVEcgolqtQD9P0UZLlNguo6xxpQGvmvZ+4XBUv4VnC9QZpnVtPU6e9O4+LRIvdv0OzBsMflsUd8Rb8xkn/cEHCc7k4iBloIYxXxIipsdg1gWbBsbn5nBIyitRSKtS7ybFZ2y9jDzw5goVUy0ySrXunQ6gVTSFYMxKsGNMhKWC5bBHGMo8Wi2LK4TTFF2G9jOaWab8eGdSv4ZQrhd5GDjNJ7lqVDEgQlFL94xce7C4x44E7Uo9zZz501F45fuMLm/2esxCvewe+W60HSkqmyBqGrQ62K1xsDuDoAsjPz9DKG4u0VxdXGTqSpiI9onipjiiiKzx3IQ3fRPCrBRsCWoPbUVCgoxAZd1XB8FuT0XVMl+yL2eR5jMTSSglY4rUKEovMxSPvNSOCAAzVpYE6CSCtHSST7iOeTSpef+B+vyZJrdZ00xdAtJoYWaQMNwoBFqQG9Ko4WeN34hRJMEODZ3ULvaUvNfokrtMte8ehcpUAaBuSACxZh3tofa0jSGX4ToG+w/f79ThmcvUXS9CofItNmF7plWJVbvtj43sdzVMptfHqa600GDXHpJhyyXyB5IIuua8hm0glTKSgMRstGM7sC/duGsMyAxofDpJU6hQwbJ1D4tLuRhxR5py7CG5J7Q0WRY5JiLNA/GwZjeggur7k9SSQSbsHbM6fqKlUzZ6npHKPPGjRHDeMiRCyksvpQIB9XG7b/F4zo8tyMbCl5o8+16nrlo1tv7sEUjUQCwAFMwFWR8QayQT1p2OLe5Bx+PJWZiwsa6K1QA2DE/OtIAsk0Ooah5F4S8WrKbh3ERKPEA1gWCLBv1HQ/e8I+QyvYT3a57O2lJM5wvXBOAS8MDyRiVerLEEcd0/wCbRGBHKQAQGIfCedSktP70avRZoRlWVJp+qszS3bFxAgqczM5pqEjd4wP8ILgupsACiCp2FWbUjlnaVs3cvS4eLlxXbuh/8i8oNMJnL6QkrwR0oI7vLBVpumqpNdEH8oB6EYdhFy8R5vM1BqK9FYwP7QkYWXJr1N0ADsL8vkNsTkk2Bikir5H5mf3uh3FSEOFZ1GpVRlNBgPhZQdt6F3QwaL8OilLzDKTmeZtWp2O3QkkfZTaj6gXgWSTovBKzPHO/Z9IZ10SL76SZVFUVaTWyuWvpER3hI3Kooo6dxwxKTQ++s4xr/aNI8q8OKFXSSnNDSw0EE9T4GEcgBOrxCyPNCMbUY0jAlJMveYsnNLr1pAZBuShbXS3VsJAoJ8gwcC6oA3i6vzBOl2IPMPEzl8rKWUhlhdgCRXhjJtmtifRmNKLFV5TNaOi7Yt+znmu44WvqsZ/zAAj9fTCbWhtdxx5TneEbGNvqCDfzOwr6AkYT5x9Arg/Uwj7U+WEfFIk4fApkzKJO0bkqqv3jKcy9DSqP3bSOqWzFZG+JvF2PDimub1v7mh+b6iOPhpof3Y3l3jy6RS6e8DSSPoJZdWYkeVtLFEYgFqsqp2Gw2GLqKjpCeWbnLky8jXwtt5fs/p98CyLVkoBex3Pa/wAaPIZhjf8AihhWvsFBv5nHY9pv3/hFWMiY0G+hxXJ2Jg9iq5g5xgTNQd7IsaRrNKXYhQDYiUAkEWdbbbHY9RYwxhQLJJJsIOZvaM4ZlYu8XORzMzMAkBkka0BYGSMRqUQ+H3kjIraqQ7axqxi2IN0PHkLnjLz5f8aZVjQIryQyMA8TsNTRyeLTtRVWtkc2wYhd+i0/M6cZLVGXfao7RsxxOIQ5IqYmPvGdu7Lqulliy4q/eGxIcw8WoKF0lX1Cs4yaJxyimduxviJMeXRrDBUBBBBBXqCOoo7b9ML5FUQ8Nse8SYzaHBS879maSZ4Z0sxZIUhVPyLpMjl/W270gjYbDY9cXxPwJe7YV5Gk4hjw7JFVBFWPr5npgti5NKeFvp+xgOTsEQtOwuAhs/6d+P8A1R3+mIw9n8/4RWYy+OS0hP0xORWiIOjOUridu9ZV8RNBqNLZKknoCb1G/M1dAVrYsPBJGdOfJtin5q4ik2bghCIY0ZzKulRYiRn0WGZTbBVKWQQWBxfNLhik19AnTQWTLGLIXtFdpGmKKNdarJKqyKCE1LGGfQW0vssixSbL1RTY2xn/AIVF/FlJ+n3NX8YaWKEV6/ZA/wAg9qRtYhegCxqom2PibY9AbClhrIFkLaqdyUfM85GV6NI9i/MwmmiABBpzX+EqAT6jc+vUYy870P4kajyi4ypPQ9A8c/wkGzW/rg2NVFA5PZEmyewAxdnIiMuzfT9n7dRgWTsXQuexwVLxBfSVD/mjAv71icOolcgc82Qlo3Vep2H32vBQdmUm5qVHaEj4NS3sN4zpO1gDcEUCdPQbjG1arRm07ZRcodmMGdmLSTPEQGYRquosJBTSK+yDTegii4oHoA2F878NeQxgbjK13GVzB7M3CZoZQ+ppBoMUhdgyEE98WA+PvV0rvVFEbc4WxS4f0uhjLeRrnurMlZnIw5fNZmOJtSI2gMep0ABwdhuG1IT56fPrjTbbjRnUuWjYnswctOY1zZXwlmjU+ey6i30Y+HVfVCNsZPUS3xH8a1ZpvIb1jOktUORCGTLfusOJUkhZvbISZe/L/T/nFuxwKMmx89jhefYOu4s+yeZTmOIgGyHhsehKWL+xBxfHHwlJvYws/wCX1H9DX8jgoMTnbP2VfiVM8C+/HVRt3g+XT3i9Qb8YsGyFwzjy1pgJwvaMlZrnSXLybMyuh67qyldqYdQR0KkV1BsWMPcbQs20PjkztMTOwsbCzIPGvQEdO+T5H8w/IT/CVwlkxuG0MwyJmKeETtPOwj8RkkND1Mr+EdT1JA6mr88ak/DH6CEfFL6n1c7OeCDKwQ5VTaxqFJoAMQCXcjy1OTJvf898eZyy5SbNyKpJB5wndlHzH9R+/lgD20giDiSC8PITI7ZKjiGSIqHtVhJoRzf+OvvZev1xVwbQXlQreTZZspLm8wiLIcwyuyu2iimoKAwQ7AER7g0FFedmWNpaBuafctMz2wcQs/8ATo6s0RnSbG1Ej8ANyCbXcKQN28iPE/IhSXmVsvbLmt9WR39EnDf6nLp/TEfDfmTyXkJPtq4h+O8b8PkgnGwmDRsrjYVONCF9KilIYsvTcUA1jbj8gE1y7LYjsrmpIXKN4SLU9RYbYrfoQfUdfth7TQi00wj7E+XostnYc0S5iiLEJGFZtZUqqHUyqUXVqJsyghKVgxdB9Q3LHS7lsCUZ77G7l7UYojGGjnqSNJEZYyyMsxoeINSlNJDrMIytirBJxgPGzZUkxgct8fElFQ1erAD4aPSz8jtf2wFxaaZe9UOHh+Z1Kp9R/wDRhryFGtnlmccSiik5Iy67iJfrX76Y0KSF7Z2PLEJ/IP5D/bE0iAd5r5ShGmo1Fk+VdPWiMTRwIZ7lSMj+7Q/bE2QUWe4Tl18LQ2KF/mB/7SQB9gcUl3LJOrEd7SfIOTkykssUCpKlMGVDelLLLaggg9N7rrXUYJjdPYOStGY+zbmHu2XVoYgOkYZiNLghgCoXcSgs3eg7tsSGWldlG42hVOnTPoH7PXMmUzqNCyNcJ0prLDwze9O9gWrtJA3RU0xCl1qMY04cXs0YztaHpFy5DHRVDt8z9D+b91gLSCJsv8q6jwgUPQfv9cVRLO0qqfM39/8AbE0RZ//Z'
